variavel: Comercial;;;;;;;;;;;;;;;;;;;;;;;;;;;;
caminho: /Energia Elétrica/Consumo/Comercial;;;;;;;;;;;;;;;;;;;;;;;;;;;;
fonte: Distribuidoras de Energia Elétrica do Rio Grande do Sul;;;;;;;;;;;;;;;;;;;;;;;;;;;;
agrupador: Município;;;;;;;;;;;;;;;;;;;;;;;;;;;;
descricao: ;;;;;;;;;;;;;;;;;;;;;;;;;;;;
Unidades:;MWh;;;;;;;;;;;;;;;;;;;;;;;;;;;
Município;1991;1992;1993;1994;1995;1996;1997;1998;1999;2000;2001;2002;2003;2004;2005;2006;2007;2008;2009;2010;2011;2012;2013;2014;2015;2016;2017;2018
Água Santa;80;85;91;109;123;130;150;174;189;206;225;235;248;263;283;302;551;839;852;839;860;805;841;1011;958;970;1037;986
Agudo;1027;1043;1051;1057;1167;1308;1397;1788;2291;2544;2463;2003;1990;2110;2203;2295;2412;2629;2635;2776;2988;3163;3167;3536;3263;3236;3362;3931
Ajuricaba;360;380;446;506;611;796;624;739;738;861;879;893;946;1025;973;1059;1351;1313;1418;1519;1548;1574;1518;1918;1786;1701;1670;1519
Alecrim;356;335;353;354;356;363;377;382;391;400;425;400;412;432;467;485;515;538;578;601;651;721;696;742;734;742;714;666
Alegrete;10341;10277;10960;10646;11296;12189;12079;12287;13025;13650;13807;13836;13660;14275;14542;14877;15708;16020;16527;16895;17906;19332;19248;20676;18921;18144;18811;19691
Alegria;164;151;157;162;172;179;207;191;225;271;266;253;487;459;423;447;489;464;468;452;424;471;478;547;517;449;561;596
Alpestre;348;337;338;357;337;336;352;384;384;435;420;441;485;469;469;515;555;566;620;771;657;755;722;850;978;953;1040;982
Alto Feliz;;;41;48;59;86;106;149;125;188;194;188;171;195;194;212;249;398;520;418;385;406;484;626;643;601;700;714
Alvorada;6682;7040;6970;7363;8338;9118;10871;11892;13159;15703;17989;18335;18311;18818;19814;19935;21335;23200;24658;26092;29836;34349;33121;40490;40456;38488;39946;40726
Amaral Ferrador;92;99;106;114;134;151;147;190;177;172;196;205;193;219;241;244;247;259;291;283;319;351;319;386;400;400;631;378
Ametista do Sul;;;10;17;18;26;33;17;27;86;145;78;133;148;111;37;10;8;8;12;23;40;52;59;76;55;43;42
André da Rocha;33;35;37;34;48;50;72;71;72;80;87;93;174;117;138;231;237;220;229;248;240;778;1021;493;270;231;246;274
Anta Gorda;324;323;355;424;491;506;544;581;575;536;637;691;742;733;710;702;805;788;848;919;949;1052;1204;1245;1226;1213;1265;1388
Antônio Prado;1078;1118;1197;1212;1536;1821;2080;2467;2700;3007;2748;2667;2813;2909;3092;3320;3594;3645;3620;3662;3803;4156;4004;4431;4315;3947;3823;3840
Arambaré;;;167;251;282;319;330;385;492;560;594;587;601;686;706;679;686;679;714;795;840;855;835;1038;1018;988;1061;1056
Araricá;;;;;;;227;275;584;531;755;549;437;599;618;763;994;1196;1348;1646;1557;1629;1536;1803;1678;1597;1482;1383
Aratiba;413;423;411;465;568;647;727;823;773;830;782;834;780;799;894;1190;1008;1028;1036;1140;1176;1285;1350;1515;1496;1431;1349;1351
Arroio do Meio;1954;2187;2431;3008;3465;2842;2980;2837;3018;3259;3518;3611;3708;3732;4022;4122;4276;4411;4722;5004;5402;6229;6784;8257;8254;8310;8496;8616
Arroio do Padre;;;;;;;;;;;70;94;86;102;98;112;112;116;123;196;198;245;227;263;260;233;293;286
Arroio do Sal;1221;1297;1225;1590;1999;2219;2340;2529;2983;2966;2948;2880;2885;3177;3216;3464;3595;3974;4455;4729;5069;5245;4588;6238;5650;5282;5683;5717
Arroio do Tigre;448;524;610;631;701;816;865;933;1047;1113;1111;1126;1151;1160;1319;1428;1608;1590;1603;1790;1917;2120;2195;2453;2242;2255;2247;2128
Arroio dos Ratos;910;926;915;985;1078;1164;1273;1375;1316;1461;1495;1496;1507;1638;1630;1602;1828;1945;1969;2231;2502;3697;3459;4079;4573;4867;3381;3042
Arroio Grande;1265;1323;1280;1373;1453;1613;1669;1628;1778;1804;1814;1744;2037;1920;2111;2145;2459;2635;3189;3040;3426;3407;3191;3729;3666;3537;3689;3984
Arvorezinha;525;561;584;613;694;799;877;1046;1112;1221;1238;1255;1257;1410;1368;1466;1541;1568;1619;1746;1758;1880;2008;2044;1942;1842;1847;1853
Augusto Pestana;538;534;570;596;658;725;779;820;893;901;885;919;915;943;945;963;1064;1160;1268;1296;1476;1568;1553;1692;1610;1584;1612;1587
Áurea;139;143;123;113;138;149;213;210;218;239;249;271;273;286;277;286;326;370;513;551;682;721;796;907;789;789;841;846
Bagé;13654;14378;14299;14255;15915;17314;18623;19931;20919;22318;21769;21889;21041;21255;21060;21610;23494;25064;25949;27215;28853;31378;30496;36668;36109;36648;35794;36248
Balneário Pinhal;;;;;;;2135;2439;2591;3343;2850;2818;2667;2697;2824;3292;3465;3463;3645;3871;4327;4531;3950;5296;5205;4947;5022;4794
Barão;63;57;65;69;82;85;84;62;61;61;72;82;88;72;71;69;67;85;102;96;71;75;81;86;91;84;66;70
Barão de Cotegipe;272;256;245;246;281;302;369;464;484;571;597;640;686;696;647;691;791;813;878;969;1020;1102;1187;1293;1340;1401;1503;1523
Barão do Triunfo;;;29;25;27;38;38;32;24;26;29;25;26;20;23;25;20;20;15;15;36;32;27;26;24;24;22;23
Barra do Guarita;;;49;58;65;69;73;78;79;81;83;102;119;127;134;150;152;156;163;165;181;216;202;220;238;229;239;244
Barra do Quaraí;;;;;;;493;456;653;846;771;756;669;656;628;607;532;541;556;565;534;593;533;619;643;724;842;1220
Barra do Ribeiro;1231;1313;1352;1310;1431;1611;1762;1913;2018;2233;2088;1962;2099;2333;2631;2768;2946;3138;3078;3176;3293;3564;3329;4181;3821;3720;4078;3617
Barra do Rio Azul;;;45;49;65;69;69;81;87;105;107;107;103;100;99;99;109;113;130;152;141;144;143;178;183;178;175;165
Barra Funda;;;125;208;198;254;277;290;345;382;379;350;525;472;495;425;471;609;684;692;723;740;786;794;748;677;685;676
Barracão;155;160;194;207;232;278;307;340;355;416;546;547;514;468;513;555;568;610;696;762;711;735;664;692;712;808;809;743
Barros Cassal;280;310;318;370;405;440;499;522;557;579;673;762;790;769;782;820;900;899;973;1068;1119;1210;1148;1140;1139;1168;1120;1028
Benjamin Constant do Sul;;;;;;;34;45;47;47;53;58;56;51;52;52;61;62;82;95;105;135;149;171;165;290;315;294
Bento Gonçalves;13112;13792;14895;15567;17938;20246;23485;26099;28535;31845;35280;35521;35446;35856;37380;37824;41671;45931;50647;50673;55078;61129;64108;68276;64744;61493;59951;60198
Boa Vista das Missões;;;;;;;;;;;;;;23;;;;;;;0;0;0;;;0;0;0
Boa Vista do Buricá;707;734;800;884;994;1018;900;993;1038;1024;1054;1046;1100;1145;1160;1398;1537;1595;2032;2007;1926;2149;2328;2468;2428;2422;2644;2493
Boa Vista do Cadeado;;;;;;;;;;;26;37;49;48;47;48;52;61;72;92;129;180;165;156;179;216;251;252
Boa Vista do Sul;;;;;;;71;140;177;241;216;186;165;172;162;208;289;307;323;342;347;352;278;273;251;255;244;232
Bom Jesus;1724;2186;2154;2099;2313;2258;2508;2484;1885;2682;1787;1837;1926;1866;1677;1680;1848;2358;3275;3556;2186;3525;3594;3909;3644;2551;3844;3384
Bom Princípio;805;847;963;953;1017;1123;1241;1432;1624;1862;2086;2338;2216;2335;2649;3957;3150;3298;3745;3921;4209;4771;4872;5416;5441;5496;5657;4916
Bom Progresso;;;43;65;75;97;102;116;119;119;127;124;131;127;125;133;158;163;139;134;183;199;198;219;197;358;538;510
Bom Retiro do Sul;820;877;951;1110;1301;1446;1237;1505;1527;1707;1713;1647;1680;1824;1893;1948;2038;2098;2047;2163;2810;2446;2435;2676;2594;2518;2575;2505
Boqueirão do Leão;;;7;;;;;;3;4;1;3;;10;8;10;10;9;3;4;4;4;3;3;8;15;14;15
Bossoroca;;;1;;;;;;4;7;8;12;11;11;9;10;7;1;1;1;1;1;1;1;2;3;1;1
Bozano;;;;;;;;;;;;;;;;;;;;;0;0;0;;;0;0;0
Braga;300;313;344;355;363;343;360;369;338;336;364;352;296;303;304;286;296;319;575;2208;580;508;463;503;520;663;804;818
Brochier;246;245;216;224;258;279;318;377;419;432;499;508;560;643;656;659;658;703;775;856;919;1025;1063;1204;1089;1050;1001;993
Butiá;2310;2367;2121;2204;2369;2627;2833;2879;2874;3294;3011;2971;2973;2951;3066;3021;3233;3415;3687;4074;4360;5025;4875;6087;5639;5590;4603;4660
Caçapava do Sul;2730;2999;3220;3260;3444;3781;4154;4374;4456;4824;4936;4870;4894;5290;5418;5352;5631;5847;6291;6685;7116;8375;8715;9638;9212;8982;8716;9163
Cacequi;1175;1212;1258;1242;1301;1388;1528;1483;1488;1526;1418;1406;1431;1622;1515;1729;1850;1854;1823;1934;2035;2116;2034;2096;1901;1805;1880;1800
Cachoeira do Sul;10052;10618;10680;10794;11757;12128;12642;13682;15064;15780;15073;16305;16607;17592;17822;18158;19245;19671;20300;20948;22206;23641;23241;25891;25274;24285;25441;25747
Cachoeirinha;9781;10448;11242;12120;16743;20339;22269;24882;29805;33014;33081;32782;35437;38461;39693;39707;45045;48099;49509;50354;54694;60977;63402;67040;64788;60955;61135;59340
Cacique Doble;253;219;223;213;186;220;244;272;262;286;272;277;254;256;271;286;308;396;405;395;426;459;408;390;378;405;432;389
Caiçara;142;159;180;173;189;203;212;243;273;321;321;322;326;328;339;370;411;412;422;450;484;533;520;563;570;557;551;543
Camaquã;6114;6637;6948;7032;7697;8106;8866;9112;9593;10428;10691;10857;11254;11874;12642;12900;13832;14699;15368;16179;16730;18432;17743;21801;21328;20745;21048;21475
Camargo;46;40;42;52;62;72;90;95;102;135;152;173;181;187;187;203;248;297;283;324;392;1028;1221;1420;1455;1234;1364;1498
Cambará do Sul;436;432;445;389;432;407;465;485;576;628;715;814;857;812;941;918;978;1030;1021;1057;1090;1170;1212;1255;1225;1274;1190;1140
Campestre da Serra;;;183;220;394;521;672;603;665;697;499;432;406;668;611;653;632;618;610;547;595;594;594;660;676;710;863;825
Campina das Missões;367;366;393;398;414;423;446;476;477;511;526;525;516;551;589;604;688;719;800;848;938;976;977;1105;1085;1069;1057;1056
Campinas do Sul;483;476;490;488;544;553;601;690;746;913;884;902;1039;923;1012;1012;1064;1072;1211;1230;1276;1392;1426;1582;1521;1512;1642;1522
Campo Bom;6558;6905;7611;8072;8552;9423;10697;10247;11174;12588;14433;14730;16071;17046;18499;18477;20467;21804;22626;24830;26373;28336;28413;30175;28558;28526;26906;24658
Campo Novo;1064;1211;910;999;988;955;977;1078;1032;1078;1032;1074;1103;1090;1091;1131;1286;1315;1447;1533;1706;1754;1582;1586;2301;2341;2392;2374
Campos Borges;105;;;;;;;;;;;;;;;;;;;;;;;;;;;
Candelária;1548;1605;1703;1851;2178;2408;2505;2762;3021;3093;3221;3700;3679;3938;4110;4373;4597;4649;4757;4939;5233;5540;5595;6387;6029;5909;5804;5834
Cândido Godói;371;396;464;467;499;527;580;581;580;627;615;648;693;679;724;808;798;819;855;913;981;1057;1099;1235;1165;1141;1173;1274
Candiota;;;466;591;648;695;763;776;1081;1319;1312;1406;1429;1488;1737;1834;1937;2290;2905;3452;2827;2688;2421;2648;2465;2625;2825;3015
Canela;5930;6060;6360;6414;7111;7611;8748;9406;9754;10553;10081;10181;10503;10749;11193;11245;12184;12775;13383;14111;15081;17143;17936;19704;19524;18692;18118;18403
Canguçu;1937;2081;2122;2102;2257;2503;2738;2886;3061;3290;3424;3651;3679;3880;4183;4436;5206;5540;5909;6333;6831;7046;6820;8720;8442;8226;8291;8384
Canoas;52840;55115;55693;58566;64792;71980;81516;90219;100491;114514;116369;116448;113900;118394;121625;127585;136300;137270;139599;146771;154506;166231;166860;180502;169203;160934;166458;178853
Capão Bonito do Sul;;;;;;;;;;;50;107;120;152;150;170;197;326;452;431;392;469;357;340;349;273;396;374
Capão da Canoa;6284;8025;6089;6768;8215;9535;10964;11883;12316;12870;15345;13468;15152;15201;16935;17630;18220;18937;21103;23227;27633;30577;27704;36696;37995;37164;37389;37817
Capão do Cipó;;;;;;;;;;;;20;90;104;134;115;143;119;228;420;422;400;317;356;430;461;592;420
Capão do Leão;565;566;597;610;791;831;914;936;960;1177;1086;1204;1159;1281;1299;1310;1412;1523;1542;1716;1928;2230;2319;2696;2729;4119;3950;3492
Capela de Santana;138;178;160;189;248;339;419;477;543;671;644;673;928;892;1068;1221;1137;1310;1410;1461;1627;1600;1938;2313;2487;2616;2510;2459
Capitão;;;;;;;;;;;;;;;;;;;;;0;0;0;;;0;0;0
Capivari do Sul;;;;;;;258;529;542;587;634;715;742;743;799;832;1115;1492;1058;1001;1095;1190;1249;1669;1564;1569;1624;1612
Caraá;;;;;;;78;168;343;239;204;249;250;288;333;374;444;519;553;569;616;677;672;804;774;725;805;754
Carazinho;;;;;;;;;;;;;;;;;;;;;0;0;0;;;0;0;0
Carlos Barbosa;1254;1375;1571;1743;2060;2483;2707;2976;3558;4078;4496;5381;5804;6145;6627;6852;7371;7638;8060;8504;9278;11185;14576;14396;12761;12146;11892;11975
Carlos Gomes;;;29;37;56;67;76;76;72;75;64;71;70;74;79;71;82;82;92;103;113;148;124;128;131;123;125;107
Casca;785;835;847;874;948;1106;1254;1393;1600;1813;1899;1893;1775;1839;1884;2400;2285;2608;2635;3265;3470;3535;3645;4239;5075;5855;4107;3351
Caseiros;90;116;123;134;132;188;220;250;266;267;286;274;326;330;326;356;409;412;566;742;775;885;894;926;1025;1441;1426;1365
Catuípe;699;664;689;669;730;796;895;981;1078;1126;1165;1199;1201;1192;1252;1236;1305;1341;1461;1524;1629;1694;1693;1988;1978;1974;1971;1995
Caxias do Sul;54858;58902;63686;68917;78692;89096;104914;111994;121957;137892;140711;144289;147411;155805;166280;169243;185201;196698;207423;223617;243944;260444;266767;276965;267819;258743;249625;243415
Centenário;;;47;57;71;72;87;105;115;117;120;143;143;165;173;188;297;315;317;287;317;328;357;416;414;399;420;432
Cerrito;;;;;;;144;219;245;275;270;260;251;241;240;303;336;364;376;416;492;575;509;588;567;583;605;532
Cerro Branco;;;;;;;;;;;;;;;1;2;;;;;0;0;0;;;0;0;0
Cerro Grande;;;;;;18;19;15;18;16;15;18;18;21;28;24;17;10;9;12;12;9;9;13;17;14;15;21
Cerro Grande do Sul;167;170;197;208;271;320;391;448;455;460;497;564;670;755;792;684;678;803;1034;1162;1205;1249;1241;1548;1511;1556;1554;1561
Cerro Largo;2197;2033;1892;1741;1860;1947;2138;2203;2263;2301;2299;2301;2254;2299;2426;2523;2852;3184;3674;3945;3899;4102;4229;4562;4284;4195;4286;4176
Charqueadas;2483;2464;2638;2568;2926;3114;3572;3987;4263;4567;4671;4666;4806;5036;5362;5655;5841;6201;6543;6967;7344;7951;7437;9180;9167;8818;9379;9353
Charrua;;;107;133;118;83;109;95;96;118;136;112;147;146;140;166;185;181;187;197;260;239;213;220;224;229;238;237
Chiapetta;296;292;284;283;331;354;358;352;346;367;354;384;401;436;417;397;698;800;908;895;907;820;691;712;730;739;730;670
Chuí;;;;;;;2608;3410;3587;3888;3659;3693;3423;3141;3163;2819;2508;2523;2578;3009;3244;3552;3692;4641;5055;5268;6221;6042
Chuvisca;;;;;;;47;67;87;99;130;112;113;114;127;153;154;179;202;205;206;251;244;316;301;324;347;361
Cidreira;3186;3379;3312;4107;4855;5243;3230;3469;3795;3813;4118;4038;4610;4965;4291;4340;4522;4711;4854;5283;5791;5853;5132;6252;5805;5507;5933;5643
Ciríaco;186;178;205;215;240;242;269;285;296;327;370;410;425;410;417;440;462;512;649;669;658;676;704;753;740;747;755;719
Colinas;;;136;210;273;308;388;298;291;350;366;328;306;314;310;349;372;387;412;427;530;545;537;548;490;504;539;572
Constantina;1127;1091;1141;1218;1269;1274;1390;1456;1618;1558;1502;1512;1784;1661;1683;1753;2004;1914;2102;2193;2331;2658;2943;3275;3089;2958;2904;2659
Coqueiro Baixo;;;;;;;;;;;;15;64;68;82;111;124;121;118;123;133;137;126;123;122;128;120;131
Coronel Bicaco;594;613;654;679;701;759;783;810;819;885;879;851;867;882;937;860;785;1172;1381;1401;1451;1312;1275;1426;1764;1797;1926;1862
Coronel Pilar;;;;;;;;;;;143;142;96;110;96;91;87;94;99;113;101;113;324;117;122;114;134;147
Cotiporã;179;182;211;205;238;296;326;415;409;436;422;449;490;482;481;492;603;633;737;790;732;786;874;898;804;797;801;766
Coxilha;;;121;157;185;207;228;285;331;368;353;337;352;315;336;336;366;418;512;617;688;803;905;1078;1161;1210;1133;1167
Crissiumal;1172;1162;1279;1353;1428;1470;1524;1551;1522;1617;1607;1662;1687;1630;1634;1791;2088;2266;2299;2364;2502;2841;2772;3018;3043;3055;3102;3009
Cristal;449;468;456;445;523;546;618;660;817;809;968;1140;1106;1190;1330;1208;1242;1380;1456;1553;1659;1870;1781;2157;2103;2023;1958;2032
Cristal do Sul;;;;;;;;;;;;2;2;;;;3;3;2;3;3;3;2;3;2;2;2;3
Cruz Alta;10100;10034;10584;11025;12305;12828;13778;15147;16127;16801;16510;17044;18431;18193;18158;18118;19404;20414;20949;21797;22692;23665;23468;24911;23598;23803;24356;24045
Cruzaltense;;;;;;;;;;;76;80;98;108;114;114;111;124;134;162;148;162;180;194;198;244;268;252
Cruzeiro do Sul;722;726;789;775;927;1045;1140;1162;1278;1386;1502;1584;1605;1516;1681;1738;1786;1862;1886;1976;2146;2524;2922;3087;2936;2848;2777;2916
David Canabarro;116;126;153;151;177;192;217;241;258;269;273;275;288;295;307;369;428;451;472;483;516;562;561;555;525;532;529;540
Derrubadas;;;85;111;112;117;118;128;123;133;152;152;155;165;155;145;138;138;161;182;200;233;234;271;292;287;386;559
Dezesseis de Novembro;45;50;65;69;66;74;74;97;124;112;104;99;94;98;100;97;109;125;135;140;162;198;200;211;210;225;229;231
Dilermando de Aguiar;;;;;;;58;71;85;103;94;115;137;162;173;180;192;212;186;166;158;196;262;257;216;209;226;216
Dois Irmãos;2374;2607;2313;2415;2888;3281;4015;4247;5074;5107;5938;6408;7163;8669;8725;9186;9840;10031;10362;11474;12175;12408;12588;13911;13325;12974;13344;13251
Dois Irmãos das Missões;;;54;115;107;116;117;116;101;94;123;96;97;97;87;96;104;111;128;138;150;182;220;260;286;258;281;287
Dois Lajeados;171;204;252;314;436;375;379;413;415;531;624;652;694;695;772;772;837;895;920;941;964;954;981;1059;994;923;904;856
Dom Feliciano;320;370;393;399;430;434;470;475;539;592;650;655;693;789;862;828;853;923;1019;1080;1034;1187;1139;1353;1315;1343;1388;1415
Dom Pedrito;3820;3776;3869;4021;4180;4403;4757;4873;5049;5186;5515;5308;5250;5681;5964;6113;6295;6601;6945;7203;7877;8490;5631;9111;8912;9627;9198;9741
Dom Pedro de Alcântara;;;;;;;169;298;340;416;423;435;416;361;410;410;437;436;459;500;558;615;2327;305;305;292;283;286
Doutor Maurício Cardoso;397;406;424;459;465;474;504;519;594;665;663;642;990;974;882;983;1086;1011;1078;1137;1142;1246;1283;1641;1498;1599;1832;1658
Doutor Ricardo;;;;;;;146;171;190;211;252;332;300;280;325;337;341;373;389;418;456;482;421;491;537;525;541;555
Eldorado do Sul;4681;4071;4148;4203;4420;4906;5239;5564;6715;6858;6610;6674;6650;6912;7210;7346;7432;10580;12774;14025;15559;16948;15262;20265;20059;20263;21763;21698
Encantado;2740;2663;2676;2888;3331;3868;4071;4580;5076;4996;5178;5371;5546;5651;5998;6062;6511;6821;7157;7576;7916;8378;8751;9218;8853;8752;8616;8947
Encruzilhada do Sul;1027;1116;1192;1246;1373;1482;1647;1717;1941;2196;2145;2286;2303;2357;2601;2849;2982;3164;3042;3012;3137;3615;3296;3838;3702;3604;3619;3535
Engenho Velho;;;44;64;96;183;200;240;206;137;116;83;82;82;81;75;76;78;98;119;93;158;190;199;188;197;285;229
Entre Rios do Sul;134;120;127;152;190;188;224;230;230;230;234;253;270;298;271;305;341;327;397;385;446;452;511;613;526;461;435;428
Entreijuís;519;585;660;791;913;959;1058;1060;1082;1181;1186;1031;1173;1186;1096;1100;1210;1255;1364;1439;1499;1527;1682;1844;1894;1976;2008;2035
Erebango;187;111;111;133;156;175;182;170;178;176;165;163;172;162;158;162;186;259;379;412;398;416;420;447;373;378;397;392
Erechim;11732;12998;13964;16616;18299;19330;21591;23718;24067;25840;26442;26569;26981;28441;29016;31009;34541;35894;38567;40612;43238;46975;48087;51271;49576;48605;47755;48263
Ernestina;130;125;151;158;175;182;190;223;245;308;340;314;331;377;360;366;596;572;602;629;645;639;693;722;696;671;696;688
Erval Grande;304;281;299;282;280;209;209;228;271;298;385;364;420;431;426;437;471;442;453;447;543;652;640;729;740;646;627;636
Erval Seco;482;490;533;522;508;539;556;610;604;714;653;690;671;675;672;750;730;749;886;895;983;1219;1215;1280;1123;1319;1502;1304
Esmeralda;127;126;129;138;148;164;182;223;251;284;305;367;511;531;505;429;524;529;579;671;695;881;883;798;768;762;851;752
Esperança do Sul;;;;;;;70;83;87;100;116;128;138;146;133;127;138;170;168;190;251;281;300;311;317;333;352;345
Espumoso;1614;1588;1693;1800;1904;1985;2079;2305;2440;2642;2859;2956;3102;3405;3254;3343;3623;3952;4245;4251;4537;4829;4971;5305;5085;4974;5092;4931
Estação;496;572;509;541;605;656;712;732;771;776;804;773;820;800;831;803;860;1017;1095;1137;1039;1027;1050;1333;1437;1407;1418;1402
Estância Velha;4131;4426;3875;4028;4575;5420;5959;6289;6886;7057;8098;8002;9058;9179;10225;10370;10632;11283;11557;12268;13266;14871;14836;17752;16769;16009;15658;15911
Esteio;9654;10218;11333;12002;13563;13915;14222;15971;16680;19138;23922;24969;26684;28479;32513;35057;37385;40563;38631;42751;46281;47654;45949;49049;44548;40616;36268;36900
Estrela;4447;4766;5055;5412;6147;6752;7487;7622;7774;8252;8487;8906;8665;8596;9015;9305;9886;10579;11259;12061;13207;14596;15892;16961;15929;15525;17157;17917
Estrela Velha;;;;;;;;;;1;1;0;;0;1;1;1;1;1;1;1;1;0;0;0;0;0;0
Eugênio de Castro;193;110;127;147;193;220;240;255;251;307;249;253;242;267;384;520;670;682;656;776;661;546;494;554;532;542;589;609
Fagundes Varela;106;102;109;103;145;176;217;242;301;365;391;396;353;359;374;350;357;426;447;496;482;494;459;528;504;515;500;491
Farroupilha;5963;6513;7466;8524;9689;11240;13139;14908;15523;17392;17261;17841;18558;19121;19562;19588;21397;22868;25637;27305;29219;31951;37942;45253;39177;33751;32981;32744
Faxinal do Soturno;;;;;;;;;;;;;;;;;;;;;0;0;0;;;0;0;0
Faxinalzinho;98;99;131;123;111;124;140;135;141;157;169;156;136;125;128;151;161;167;210;245;247;280;287;315;344;343;343;331
Fazenda Vilanova;;;;;;;276;318;295;285;325;359;415;396;439;525;585;686;651;688;790;860;795;768;805;777;732;748
Feliz;1422;1662;1545;1529;1772;1902;2326;2499;2662;2826;3139;3153;3343;3599;3605;3496;3769;3824;3920;4036;4463;4945;5027;5395;5044;4945;4603;4549
Flores da Cunha;1765;1891;1949;2148;2603;3212;3623;3870;4250;5144;5264;5387;5478;6250;6404;6576;7099;7584;8689;8647;9126;10862;11681;13253;12268;11822;11429;12044
Floriano Peixoto;;;;;;;;;;;;;;38;;;;;;;;;;;;;;
Fontoura Xavier;;;;;;;;;;;;;;;;;;;;;0;138;283;320;298;332;342;424
Formigueiro;224;237;271;285;305;344;365;361;501;495;480;478;514;488;563;535;530;604;715;789;829;872;882;929;880;861;888;864
Fortaleza dos Valos;268;195;248;304;334;365;433;445;477;489;451;417;443;489;533;532;507;552;607;626;704;890;873;946;915;870;833;794
Frederico Westphalen;3693;3788;4012;4383;4986;5323;5368;5639;6084;6200;6416;6585;6656;6780;6854;6975;7862;8625;9539;9842;10825;12241;12376;13766;13789;13271;13496;12605
Garibaldi;3041;3160;3250;3545;4133;4982;5428;6076;6611;7316;7299;7574;7762;8405;9350;9476;10248;10981;14899;16355;16600;15685;14820;15990;15416;17303;16001;15704
Garruchos;;;37;54;49;53;82;84;142;164;169;152;124;130;111;106;87;96;127;129;131;129;124;125;126;116;120;136
Gaurama;400;469;474;473;447;488;574;593;601;735;787;754;876;649;686;716;857;843;916;956;929;1051;1006;1092;1130;952;953;999
General Câmara;482;460;501;501;609;582;672;732;794;841;858;856;920;926;928;991;1008;1143;1232;1279;1356;1390;1307;1442;1239;1121;1147;1219
Gentil;;;23;26;31;43;56;54;61;62;76;75;94;108;107;126;161;190;228;252;275;338;367;302;244;220;202;186
Getúlio Vargas;1414;1392;1530;1617;1794;2004;2247;2482;2950;3112;3109;3098;3216;3240;3219;3301;3491;3869;4052;4290;4574;4873;5054;5689;5093;5220;5271;5309
Giruá;2092;1949;1966;2002;2173;2213;2321;2328;2356;2721;2711;2716;2761;2900;2855;3020;3576;3556;3600;3783;3964;4206;4239;4904;5196;5382;5342;4971
Glorinha;264;277;331;306;349;422;498;585;1947;21;1029;1072;1098;1069;1198;1211;1366;1493;1652;1818;1847;1740;1664;1717;1592;1495;1529;1430
Gramado;8552;8787;9802;9729;10784;11918;13423;14860;16844;18128;18339;18559;20026;22567;23893;23812;25772;28227;30817;34054;36836;41573;45283;49782;48722;50031;49653;50215
Gramado dos Loureiros;;;2;8;28;50;51;42;24;18;12;11;14;10;11;13;12;9;13;19;18;17;16;24;20;21;21;21
Gramado Xavier;;;10;;18;1;7;12;14;16;18;26;26;32;31;35;22;24;24;25;26;25;38;38;26;25;30;30
Gravataí;15066;17212;17323;18361;21347;24239;27908;31463;35402;38994;40410;41659;43822;45439;46701;48855;55461;62986;63799;67175;73337;78018;79319;91799;86483;80476;79117;78993
Guabiju;73;78;85;78;94;98;118;125;130;130;153;150;160;162;156;159;175;208;227;261;270;277;299;315;325;294;313;282
Guaíba;7594;8662;8985;8944;9680;10615;12252;12815;14233;15112;15037;15534;15604;15545;16315;16286;17764;18796;19703;20155;21721;23731;22070;27432;27511;27751;28393;28406
Guaporé;2142;2153;2209;2187;2482;2702;3153;3529;3759;4265;4503;4753;4712;4816;5079;4994;5928;6602;7114;8473;9039;9036;9029;9889;9602;8876;8708;8772
Guarani das Missões;793;818;910;962;1082;1023;1034;980;1060;1120;1085;1013;1123;1090;1093;1045;1287;1361;1527;1533;1617;1676;1811;2098;1987;2224;2062;1961
Harmonia;128;155;157;167;202;259;308;349;413;453;468;488;486;554;622;626;747;742;833;886;932;1057;1054;1168;1061;1005;1024;1082
Herval;360;373;400;362;395;394;448;391;446;411;396;418;562;479;550;544;718;672;629;647;635;697;669;818;833;856;914;921
Herveiras;;;;;;;65;68;78;87;134;140;171;178;175;166;169;143;182;218;227;249;218;215;205;189;194;223
Horizontina;2767;1983;2016;2176;2322;2430;2763;2924;3152;3405;3406;3531;4341;4774;4852;4637;4627;4765;5151;5530;5924;6196;6116;6647;6258;6003;5968;6077
Hulha Negra;;;;;;12;8;8;28;43;6;3;3;46;31;71;40;40;35;32;31;48;89;72;77;73;85;71
Humaitá;518;468;523;520;538;538;504;545;557;593;592;632;679;728;748;765;924;956;1118;1082;1151;1291;1290;1561;1523;1500;1483;1487
Ibarama;201;115;149;201;235;281;313;343;337;327;432;431;377;389;382;402;396;407;446;511;524;546;584;671;580;474;470;504
Ibiraiaras;404;446;479;529;605;675;740;866;980;1078;1336;1294;1196;1348;1363;1383;1372;1709;1965;1940;1972;1943;2042;2224;2256;2038;2077;1749
Ibirapuitã;70;84;117;117;130;137;143;149;168;174;172;176;182;205;250;304;407;391;419;437;470;507;557;592;567;523;512;517
Ibirubá;2235;2171;2437;2609;2789;2985;3112;3242;3324;3354;3314;3371;3542;4065;4038;4068;4430;4963;5300;5411;5561;5907;5966;6676;6613;6434;6348;6276
Igrejinha;2277;2474;2804;2930;3360;3833;4625;4983;5258;6112;6124;6247;6871;6815;7344;7713;9373;10431;11187;12245;13969;16629;15244;16091;15362;13778;13389;12668
Ijuí;;;2;;;;;;;13;2;1;1;1;1;1;2;1;1;1;0;0;0;1;1;1;1;1
Ilópolis;171;196;213;221;266;313;394;416;439;439;434;475;474;514;595;575;660;672;690;738;746;843;902;962;925;930;952;949
Imbé;2333;2767;2562;3373;3806;4274;4683;5059;5791;6009;5396;5232;5586;5709;5751;6357;7755;7986;8616;9123;10013;10590;9913;12696;12645;12060;12844;12302
Imigrante;152;166;169;198;224;274;327;324;330;401;399;389;346;342;378;424;432;478;511;551;628;701;678;729;702;772;792;757
Independência;370;384;395;409;383;418;420;513;577;616;564;555;627;644;679;710;847;865;877;921;1004;958;1015;1037;952;978;1060;950
Inhacorá;;;42;66;77;83;84;85;75;84;94;103;112;134;134;129;129;130;146;163;138;141;130;138;124;123;125;121
Ipê;271;321;348;367;421;457;462;498;535;583;579;827;822;803;868;960;985;989;1037;1126;1261;1363;1298;1354;1229;1181;1196;1225
Ipiranga do Sul;63;63;64;66;71;90;207;83;84;95;96;104;115;117;114;119;122;160;316;308;341;383;406;419;318;316;298;295
Iraí;841;869;843;840;869;918;1038;1033;1109;1224;1259;1376;1779;1455;1462;1435;1523;1647;1751;1704;1752;1862;1804;1941;1730;1601;1701;1823
Itaara;;;;;;;607;602;683;711;695;711;676;702;765;805;885;1014;1132;1172;1265;1310;1630;1669;1621;1959;1569;1553
Itacurubi;55;56;62;65;94;111;118;104;126;135;134;140;148;161;163;180;167;158;180;200;210;237;243;258;251;275;275;299
Itapuca;;;;;;;;;;;;;;;;;;;;;0;0;1;2;;0;0;0
Itaqui;4569;5113;5403;5195;5446;5558;6339;5319;6494;6284;6819;6368;6397;6377;6695;6854;7081;7166;7759;8121;8483;9047;9076;10122;9020;8121;8081;8373
Itati;;;;;;;;;;;137;132;119;99;102;96;97;93;105;145;185;201;178;240;251;258;316;256
Itatiba do Sul;147;135;149;155;144;146;164;177;182;205;226;220;264;263;288;289;310;326;360;364;386;400;374;413;414;383;398;391
Ivorá;;;;;;;;21;43;37;39;43;36;37;35;33;40;34;33;37;41;21;10;13;11;10;11;10
Ivoti;2330;2583;2623;2685;2884;3032;3472;3927;4403;4891;5414;6146;7219;8071;9571;7282;7497;7858;8302;8701;9377;9917;10368;12150;11510;10787;10892;10190
Jacutinga;341;345;345;321;366;422;479;461;485;479;448;462;480;474;501;507;619;657;592;636;783;890;981;981;983;860;814;859
Jaguarão;3479;3756;3879;3755;3776;3826;4175;4230;4661;5228;5131;4747;4431;4406;4597;4675;5017;5735;5805;6131;6630;7041;6738;7879;7567;7487;7580;8022
Jaguari;936;977;1009;1011;1097;1147;1392;1309;1457;1581;1637;1533;1565;1621;1741;1748;1780;1823;2064;2164;2082;2180;2082;2279;2080;2121;2114;2026
Jaquirana;89;83;101;103;132;157;167;178;193;222;215;199;212;264;309;333;323;341;386;405;402;461;474;514;541;524;501;574
Jari;;;;;;;;22;21;27;19;16;15;14;15;17;16;15;15;21;10;13;12;12;12;13;13;13
Jóia;203;219;265;262;299;365;450;449;458;455;472;488;501;542;538;510;656;961;1022;1107;1212;1168;1040;1204;1156;1216;1207;1365
Júlio de Castilhos;2185;2221;2188;2191;2289;2411;2462;2629;2674;2745;2717;2762;2830;3209;3216;3196;3477;5198;5601;6784;6779;6248;6081;6827;6448;7508;7427;7849
Lagoa Bonita do Sul;;;;;;;;;;;;27;86;68;72;89;87;85;87;96;120;132;141;179;179;179;187;192
Lagoa dos Três Cantos;;;57;68;66;65;84;107;149;138;135;167;176;196;161;169;166;174;206;225;340;425;454;495;447;457;406;394
Lagoa Vermelha;2962;2915;3304;3341;3676;4004;4451;4988;5016;5270;5039;5181;5436;5715;5457;5344;6020;6644;6732;6990;7975;8538;9179;10219;9701;9263;9248;9810
Lagoão;1;12;4;;;;9;;10;11;12;12;12;10;6;8;7;9;16;13;12;13;13;13;13;13;12;12
Lajeado;10052;10506;11451;12558;18585;19706;21336;21970;23413;25164;25390;25912;27205;29253;31335;32414;35009;35412;36479;38913;41789;45545;45890;52538;51202;49766;51678;54775
Lajeado do Bugre;;;4;5;18;22;22;24;30;40;39;28;28;37;35;39;31;35;37;32;37;79;49;50;38;31;27;25
Lavras do Sul;486;446;478;465;508;538;583;617;670;688;733;758;702;739;757;749;809;869;883;929;1069;1125;1016;1235;1140;1133;1132;1188
Liberato Salzano;310;299;300;307;298;369;433;422;434;406;351;380;411;419;432;422;441;440;496;519;543;574;623;611;612;595;700;726
Lindolfo Collor;;;169;220;246;284;324;343;410;484;479;496;655;912;755;768;797;820;665;674;740;743;750;972;1144;1203;1293;1253
Linha Nova;;;40;52;50;53;60;73;76;76;81;80;100;121;124;129;149;110;102;136;147;163;159;163;150;145;156;206
Maçambará;;;;;;;140;181;225;226;229;240;247;300;357;335;292;306;315;366;338;366;352;386;400;494;496;508
Machadinho;279;265;257;243;276;283;320;324;354;435;461;445;466;447;470;508;601;963;793;782;793;899;860;912;906;913;1024;1052
Mampituba;;;;;;;41;74;88;101;92;95;93;97;89;98;108;114;132;149;173;178;197;252;258;256;259;238
Manoel Viana;;;219;296;302;305;313;367;423;454;459;485;528;673;729;796;803;846;878;867;848;1007;1077;1186;1174;1159;1017;960
Maquiné;;;201;292;348;371;426;497;573;662;641;684;811;811;943;991;999;981;992;1051;1123;1130;1066;1317;1145;1112;1150;1151
Maratá;;;76;81;103;130;142;109;170;179;200;224;223;276;267;295;332;349;340;327;360;455;418;457;448;430;451;426
Marau;2553;2745;3063;3327;3822;4331;5026;5579;6374;6842;7266;7372;7653;8139;8352;8880;9857;12070;14144;11864;12660;13295;14023;15050;14197;13965;13548;13334
Marcelino Ramos;597;578;594;589;652;717;814;893;896;853;955;1050;1013;960;897;899;1067;1132;1237;1263;1298;1434;1452;1598;1508;1514;1550;1554
Mariana Pimentel;;;84;81;94;91;125;146;156;200;200;207;232;247;270;283;293;277;292;293;299;363;335;407;402;384;423;387
Mariano Moro;95;104;119;110;122;132;157;184;221;242;223;212;202;184;190;182;181;198;211;223;242;269;271;276;264;264;267;266
Mata;242;194;199;209;233;244;270;295;336;360;368;351;370;395;422;484;443;458;518;569;592;629;633;731;657;594;620;657
Mato Leitão;;;186;219;240;320;394;393;553;616;648;683;605;485;560;599;666;703;747;731;783;818;803;1031;1066;1042;1086;1144
Maximiliano de Almeida;228;241;243;240;260;271;287;353;363;411;502;537;529;517;533;597;645;640;702;721;739;784;811;865;965;870;898;872
Minas do Leão;;;313;355;406;463;520;565;617;660;676;698;689;761;829;846;901;960;928;966;1051;1141;1029;1230;1206;1206;1242;1225
Miraguaí;252;234;235;241;282;289;280;302;311;430;502;448;421;379;347;363;346;360;384;454;579;592;728;888;972;1149;1227;1340
Montauri;42;48;54;53;59;72;81;82;79;97;122;144;147;132;120;90;111;129;159;183;197;210;250;280;288;280;299;284
Monte Alegre dos Campos;;;;;;;37;51;57;54;50;69;73;86;85;114;110;121;123;123;141;150;161;155;149;164;178;194
Monte Belo do Sul;;;89;85;103;123;122;136;161;179;198;214;224;225;259;275;304;318;415;347;380;398;384;405;396;387;400;388
Montenegro;6822;7025;7320;7682;8962;10011;10619;11255;12257;13008;13840;13848;14351;15231;16094;17213;19029;19582;20536;21659;22946;24724;25065;27615;26810;27007;30165;30209
Mormaço;;;22;30;40;41;50;59;56;64;73;78;83;102;121;105;84;87;123;123;237;637;477;686;527;453;399;479
Morrinhos do Sul;;;121;136;169;199;235;246;278;337;213;217;210;207;200;185;183;215;243;242;282;310;287;345;359;383;393;400
Morro Redondo;326;361;369;397;425;424;472;352;292;354;320;326;304;301;288;301;374;408;465;542;550;568;583;622;612;606;581;565
Morro Reuter;;;487;578;593;730;857;894;733;753;865;857;1046;1134;1386;1355;1418;1464;1541;1639;1696;1760;1727;1869;1689;1890;1696;1603
Mostardas;619;681;740;683;837;909;971;1000;1105;1208;1249;1270;1281;1352;1413;1470;1624;1660;1713;1829;1854;2174;2169;2607;2512;2362;2631;2341
Muçum;591;639;640;725;820;872;745;785;892;813;944;1023;954;971;1004;1058;1150;1153;1244;1241;1277;1271;1270;1372;1229;1183;1125;1110
Muitos Capões;;;;;;;62;50;42;37;71;78;75;98;107;154;169;287;747;713;445;896;910;1116;1275;869;445;434
Muliterno;;;;;;;;;;5;4;6;5;3;2;3;3;3;4;2;3;3;3;4;3;5;6;6
NãoMeToque;1289;1486;1620;1689;1765;1903;2094;2571;2634;2888;3020;3205;3550;3784;3765;3733;4859;5584;5921;6136;6731;7877;8108;8662;8806;8249;8390;8296
Nonoai;1108;1119;1172;1201;1310;1334;1441;1603;1689;1795;1863;1893;1817;1851;1825;1930;2352;2511;2669;2663;2797;2906;2988;3195;3146;3333;3464;3227
Nova Alvorada;;;23;32;28;40;43;43;43;53;56;60;56;53;57;62;57;55;51;60;84;76;90;87;89;104;118;116
Nova Araçá;181;188;200;228;267;352;388;432;420;449;498;537;489;509;503;546;889;1013;919;1112;1191;1415;1548;1750;1680;1685;1556;1411
Nova Bassano;634;536;572;612;688;785;881;995;1074;1179;1298;1374;1326;1299;1363;1400;1645;1797;2055;2239;2256;4207;4202;2876;2767;2780;2658;2690
Nova Boa Vista;;;52;92;102;141;143;154;153;99;113;130;140;146;165;136;139;152;152;155;178;253;316;352;381;373;394;382
Nova Bréscia;259;244;250;280;331;372;417;420;416;441;470;466;440;487;524;503;591;572;611;623;617;692;678;691;649;661;713;721
Nova Candelária;;;;;;;174;206;214;232;268;300;288;295;281;297;332;353;452;520;555;662;630;568;605;575;573;504
Nova Esperança do Sul;202;144;100;103;116;132;158;182;251;283;276;357;458;481;542;613;647;684;748;762;762;820;798;919;924;852;838;841
Nova Hartz;514;558;675;743;774;911;1231;1281;1475;1671;1817;1959;1988;2088;2201;2268;2571;2901;3259;3257;4002;4728;4709;4815;4379;4448;4554;3976
Nova Pádua;;;134;140;205;229;261;322;317;366;348;365;388;354;351;398;449;460;475;492;531;746;924;996;992;1044;1185;1090
Nova Palma;;;1;;;;;;;;;;;;;;;;;;0;0;0;;;0;0;0
Nova Petrópolis;2425;2518;2280;2368;2665;3156;3540;4290;4586;4955;4814;5008;5156;5603;5445;5499;5789;6675;7133;7582;8246;10059;11314;12090;11714;11599;11976;12073
Nova Prata;2213;2435;2341;2200;2743;2924;3772;4153;4493;5290;5352;4952;4940;5259;5424;5461;5979;6561;6981;7149;7518;8264;8628;9503;9593;9369;9242;9104
Nova Roma do Sul;146;149;156;177;189;275;345;363;360;420;419;423;433;483;537;574;620;614;607;1193;1541;1288;1111;879;856;799;776;706
Nova Santa Rita;;;1225;1393;1507;1326;1551;1764;1926;2695;2452;2865;2890;3004;2995;3296;3455;3677;4849;6352;7469;10670;11873;14822;18235;20932;20571;21649
Novo Barreiro;;;61;89;94;104;112;126;147;190;211;174;166;186;176;180;236;275;270;376;462;495;463;559;648;630;664;711
Novo Cabrais;;;;;;;;11;18;78;74;79;69;99;124;112;118;110;109;115;132;164;141;166;158;149;143;184
Novo Hamburgo;45421;53237;56603;59136;66200;75833;81071;82989;89264;95291;102242;111197;117846;120547;125640;127562;134445;136582;137302;142995;151452;163341;163142;180647;166992;156400;156402;151640
Novo Machado;;;197;258;260;294;289;305;311;305;325;327;375;393;400;401;384;380;415;395;480;541;536;628;613;595;661;656
Novo Xingu;;;;;;;;;;;71;96;97;108;119;107;125;135;159;184;185;197;188;196;187;188;188;194
Osório;6583;7231;7251;7250;8198;8954;9924;10633;11206;11739;11734;11853;12236;12707;13391;13607;14573;15468;16412;17593;19191;21764;20973;24988;24372;23261;24016;23940
Paim Filho;221;238;249;253;273;285;297;372;349;395;396;380;382;367;578;593;597;585;636;698;719;730;761;800;702;666;693;744
Palmares do Sul;1579;1736;1667;1728;2002;2211;2325;2224;2411;2317;2508;2282;2328;2314;2342;2513;2634;2728;2813;2951;3622;3705;3677;4288;4072;3800;4093;4035
Palmeira das Missões;4150;4330;4196;4463;5084;5020;5979;6063;5940;6364;6245;5847;5972;6051;6111;6608;7414;7809;8065;8528;9184;9356;9392;10229;9647;9014;9255;8756
Palmitinho;330;377;366;374;394;452;515;507;658;772;817;788;837;892;882;916;1017;996;1105;1078;1217;1315;1360;1623;1524;1383;1514;1545
Panambi;;;;;;;;;;;;;;;;;;;;;0;0;0;;;0;0;0
Pantano Grande;1163;1337;1389;1486;1613;1713;1912;1796;1950;2233;2180;2047;2155;2270;2389;2203;2285;2344;2371;2428;2676;2898;2715;3125;3013;2933;3015;3138
Paraí;298;324;350;415;485;601;719;865;886;913;1011;1113;1106;1017;1030;1405;1373;1438;1586;1640;1783;2090;2327;2881;2889;2932;2819;2665
Paraíso do Sul;86;96;103;109;125;127;153;147;165;198;201;222;180;177;184;172;172;175;166;162;181;167;175;203;173;235;181;168
Pareci Novo;;;176;217;281;372;434;492;443;532;564;658;549;563;617;630;726;782;958;980;1067;1334;1341;1430;1405;1359;1349;1429
Parobé;1756;1846;2224;2684;3075;3734;4491;4757;5182;5626;6065;6420;6573;6693;6772;7074;8368;8476;9548;10094;10922;11852;12174;13598;12799;11832;11727;11522
Passa Sete;;;;;;;76;77;132;168;144;163;192;191;174;172;173;187;213;231;293;283;295;321;317;301;308;272
Passo do Sobrado;;;182;211;236;291;282;290;341;329;337;345;320;330;313;326;421;506;559;627;639;684;665;768;729;719;793;655
Passo Fundo;32673;34151;36307;37619;41222;44635;49167;52885;58098;66575;64999;65813;67231;69996;76214;75278;84835;90527;96457;97352;103520;111922;115249;124756;120766;117880;115433;114616
Paulo Bento;;;;;;;;;;;109;98;126;147;176;181;195;208;204;208;228;232;235;234;265;263;266;284
Paverama;207;212;235;244;290;356;420;367;386;410;467;507;541;597;633;639;791;817;855;906;895;926;982;1017;958;957;924;866
Pedras Altas;;;;;;;;;;;4;61;65;56;84;73;77;85;82;96;195;138;135;138;143;163;202;159
Pedro Osório;689;730;691;701;675;784;695;649;674;748;760;778;787;889;846;842;941;977;957;1007;1045;1107;1067;1281;1373;1359;1401;1503
Pejuçara;273;277;304;310;342;406;444;507;507;546;563;535;591;646;750;747;796;808;902;863;963;1014;1045;1051;1076;1035;1152;1062
Pelotas;49727;52108;54586;56283;62546;66271;71062;72496;75560;79937;80532;81197;78310;83257;86258;88435;95738;98978;104772;111391;123861;132173;121514;148872;146568;139449;130377;129310
Picada Café;;;324;367;420;467;563;641;674;793;861;902;923;870;899;990;1145;1330;1377;1423;1606;1806;1865;1932;1905;1941;1799;1798
Pinhal da Serra;;;;;;;;;;;69;118;124;121;163;157;171;188;254;173;189;185;184;177;235;260;251;213
Pinhal Grande;;;82;104;121;144;167;180;192;199;215;241;249;250;272;317;443;454;463;428;482;508;538;554;554;581;580;558
Pinheirinho do Vale;;;41;60;83;112;123;132;139;165;188;216;221;210;229;262;274;355;419;449;500;522;495;513;492;511;513;494
Pinheiro Machado;903;874;810;733;743;813;904;909;944;1047;1066;1115;1051;1054;1113;1160;1292;1373;1507;1553;1721;1745;1666;1965;1940;1952;1965;1947
Pinto Bandeira;;;;;;;;;;;;;;;;;;;;;;;364;391;377;455;418;429
Pirapó;100;74;77;72;81;98;102;111;111;119;126;118;120;147;139;161;186;198;206;210;220;249;239;258;261;404;367;367
Piratini;499;567;639;664;746;817;845;839;891;953;1368;1027;1129;1203;1133;1233;1369;1424;1535;1723;1880;1984;1836;2172;2244;2295;2327;2398
Planalto;803;841;831;828;857;848;889;1001;1070;1291;1367;1416;1374;1376;1426;1387;1444;1475;1558;1598;1606;1776;1899;2108;2175;1895;2249;2323
Poço das Antas;;;;;;;;;;;;;;;;;;;;;0;0;0;;;0;0;0
Ponte Preta;;;44;54;58;52;56;66;67;74;85;67;81;105;103;117;126;142;150;152;155;166;402;223;204;202;238;209
Portão;2534;2671;2901;2514;2998;3177;3395;3499;3791;4099;4481;4641;4817;5089;5115;5363;5925;7244;7358;7724;7994;8645;9274;9958;9192;8942;9769;9532
Porto Alegre;644589;667138;696171;725179;789672;832825;884868;908482;948750;1015465;1035036;1046979;1076848;1099178;1148202;1162597;1232667;1260350;1324631;1368197;1486772;1590952;1418961;1644144;1546463;1303121;1151247;1097334
Porto Lucena;502;512;451;409;432;462;493;514;536;554;513;493;491;521;602;634;674;684;704;800;830;838;876;952;955;963;969;916
Porto Mauá;;;196;217;216;220;242;262;294;320;342;334;343;360;364;354;355;364;405;384;402;420;407;386;390;401;386;389
Porto Vera Cruz;;;94;116;111;104;68;69;85;103;93;112;97;97;96;102;106;109;119;160;177;185;187;205;197;165;174;171
Porto Xavier;782;823;842;895;904;1010;1136;1345;1440;1434;1502;1446;1382;1392;1451;1434;1610;1741;1771;1782;1825;1963;1963;2067;2093;2009;1945;1990
Presidente Lucena;;;109;210;188;210;243;309;409;475;553;526;448;448;447;459;466;520;672;799;784;705;708;867;681;664;642;681
Protásio Alves;38;44;45;47;52;68;88;93;88;94;107;127;124;129;128;131;132;145;167;164;208;258;265;279;286;278;286;294
Putinga;144;;;;;;;;;;;;;;;;;;;;0;0;223;816;761;759;711;681
Quaraí;2046;2400;2557;2485;2566;2731;2801;2959;3423;3979;3705;3790;3695;3658;3677;3764;3187;3392;3674;4010;4278;4602;4509;4983;4776;4793;4787;5679
Quatro Irmãos;;;;;;;;;;;63;65;57;75;72;91;102;105;129;149;231;240;285;307;307;320;360;308
Quevedos;;;12;15;24;39;46;39;53;49;42;68;70;95;112;87;85;105;124;151;151;167;146;172;192;210;259;243
Quinze de Novembro;149;117;137;173;179;204;234;251;282;302;316;335;355;366;385;385;381;429;459;496;516;575;618;752;1096;1025;1043;1041
Redentora;272;269;301;291;312;303;323;348;381;374;362;357;376;420;384;393;422;479;515;572;540;787;843;1118;1188;996;1049;1084
Relvado;187;109;125;141;160;171;204;213;217;209;246;234;236;243;255;262;301;299;324;337;372;373;310;345;338;324;334;335
Restinga Sêca;2;3;4;;;;;;3;3;;;8;6;5;15;5;4;14;7;8;4;7;13;18;18;19;21
Rio dos Índios;;;32;54;60;54;55;54;59;81;88;90;98;89;104;127;143;176;174;192;220;211;222;245;264;242;382;417
Rio Grande;33098;32328;33116;30842;34726;35826;40410;43690;43784;47628;54691;54730;60435;65709;66673;70728;76397;81428;85004;88256;95596;107894;106985;123200;119818;115546;93401;91950
Rio Pardo;3970;3954;4108;4026;4195;4189;4166;4306;4560;5158;5138;5218;5155;5588;6190;6281;6751;7319;6502;6764;6952;7388;7001;7543;6969;7296;7538;7383
Riozinho;96;111;119;121;147;164;193;254;342;377;412;442;441;459;469;502;538;567;588;572;748;845;958;1065;1194;1352;1331;1293
Roca Sales;600;687;628;761;864;1056;1202;1204;1308;1472;1490;1487;1449;1551;1740;1900;1998;2080;2147;2364;2644;2836;2700;2756;2681;2634;2756;2731
Rolador;;;;;;;;;;;3;3;3;4;4;5;4;4;4;4;4;5;4;4;5;5;4;5
Rolante;959;1042;1145;1197;1300;1442;1743;1948;2192;2525;2585;2788;2824;2861;3231;3321;3692;3838;4469;4942;5180;5709;5788;6295;6109;6083;6060;5865
Ronda Alta;815;834;841;838;902;959;1075;1120;1096;1276;1299;1219;1392;1437;1411;1405;1155;1491;1584;1603;1735;2000;2072;2228;2122;2200;2290;2135
Rondinha;422;430;447;488;509;570;620;664;604;570;520;539;562;569;616;624;633;702;779;789;818;837;877;947;948;928;887;991
Roque Gonzales;484;406;481;469;493;482;533;531;540;549;587;552;599;591;629;649;738;861;917;887;1013;1637;927;979;954;913;889;911
Rosário do Sul;3669;3774;4038;3995;4376;4694;5169;5222;5564;5846;5899;6003;6032;6207;6277;6354;6745;7565;7925;8098;9070;9551;9461;10007;9675;9370;9574;10499
Sagrada Família;;;36;41;111;97;103;115;102;117;101;90;95;85;84;95;103;119;162;181;186;211;220;327;439;363;446;428
Saldanha Marinho;235;216;224;224;240;252;334;358;358;374;387;407;370;396;407;405;433;428;471;453;470;516;528;543;581;633;594;540
Salto do Jacuí;619;732;843;954;1123;1216;1323;1483;1783;1851;1784;1833;1997;2058;2026;1946;2438;2637;2734;2837;2838;2961;2895;3002;2787;2852;2789;2678
Salvador das Missões;;;139;178;195;203;230;264;268;268;323;230;198;202;193;293;629;518;562;642;629;645;636;699;710;702;732;692
Salvador do Sul;14;23;99;95;101;61;78;65;75;74;100;87;32;20;21;18;17;21;22;28;32;32;31;34;35;32;27;25
Sananduva;1235;1332;1421;1530;1638;1780;1901;2099;2215;2376;2491;2584;2709;2777;2831;2945;3584;4018;4441;4401;4829;5527;5981;5621;5516;5283;5112;4872
Santa Bárbara do Sul;880;905;955;966;1134;1119;1218;1260;1348;1385;1415;1376;1528;1719;2086;2016;2316;2466;2515;2677;3211;3309;3562;3954;4004;3635;4136;3900
Santa Clara do Sul;;;;;;;;;1;1;;;;;2;2;1;1;2;1;1;1;1;2;2;1;1;1
Santa Cruz do Sul;18378;19614;20675;21685;24638;27543;32992;35504;39703;42754;44383;45125;46675;49280;51689;53149;55443;56793;59332;61502;67185;70523;68952;74602;70463;68887;69248;69527
Santa Margarida do Sul;;;;;;;;;;;;2;279;45;109;294;14;142;407;36;23;25;32;28;31;32;96;32
Santa Maria;39238;39350;40409;42321;48256;54693;61347;63046;69514;76104;77131;78933;80417;82584;87030;92704;99561;103800;107379;113483;119998;128769;127949;143006;133812;131011;136557;145416
Santa Maria do Herval;259;245;298;305;363;404;462;511;554;662;707;794;880;893;874;871;921;977;991;1044;1171;1206;1378;2010;1689;1571;1547;1454
Santa Rosa;10522;10895;11656;12201;12883;13604;14283;14914;16215;16742;17040;17533;17846;18451;19631;20222;22163;23992;26020;27184;29405;32786;34327;38695;36559;35588;33984;34264
Santa Tereza;;;75;95;109;124;131;131;145;163;151;132;151;155;164;156;155;162;187;197;389;439;455;722;667;325;298;277
Santa Vitória do Palmar;6032;7015;7385;7210;6548;5851;3466;2893;3225;3494;3342;3264;2349;3708;3799;3791;4006;9141;4778;6403;6840;6797;6724;8041;7909;7883;7573;7734
Santana da Boa Vista;247;283;316;320;404;407;435;465;453;523;569;486;455;443;443;473;483;490;530;545;574;566;581;557;523;483;470;441
Santana do Livramento;12172;12828;13393;12833;13986;14068;14793;15699;17848;20024;20514;20254;18085;19136;19813;20022;20287;20591;20598;21200;22713;24506;24945;26505;25005;24856;25020;26085
Santiago;4309;4653;4916;4779;5277;5581;5774;6186;7105;7795;7981;8065;8390;8902;9222;9318;9928;10272;10611;11339;11944;12778;12819;14252;13636;13552;13484;13684
Santo Ângelo;14113;14157;14706;15241;16191;16966;18439;18997;19894;20138;19927;20405;20568;21123;21243;21722;23099;24406;26392;27037;29898;32683;33119;35665;33541;32572;32320;32534
Santo Antônio da Patrulha;3078;3040;3014;3135;3509;3650;4180;4830;5465;5884;6307;6610;6819;7305;8201;8307;8934;4872;9593;9860;11050;12067;11356;14010;13608;13590;15023;14368
Santo Antônio das Missões;29;27;27;31;34;28;15;20;26;29;35;44;49;48;48;54;62;63;49;59;65;72;66;57;13;37;108;93
Santo Antônio do Palma;;;34;60;74;75;86;108;107;157;182;177;164;177;192;204;216;232;827;976;1016;1057;1122;645;437;399;479;545
Santo Augusto;2131;2144;2209;2176;2209;2326;2508;2690;2607;2773;2651;2688;2787;2943;2780;2965;3339;3331;3489;3856;4284;5085;4869;5372;5424;5278;5418;5568
Santo Cristo;1367;1427;1610;1602;1705;1760;1916;2085;2063;2149;2315;2440;2500;2626;2615;2696;3129;3435;3278;3264;3591;3811;3710;4077;3949;4061;4180;4178
Santo Expedito do Sul;;;9;7;18;39;33;48;51;24;17;18;20;21;23;16;17;17;16;15;15;13;14;15;16;16;18;17
São Borja;8341;8394;8156;8411;9642;9336;9817;10751;11403;12356;11814;11577;11735;12374;12214;12456;12829;13461;14380;14929;16184;16807;15879;16875;15714;16450;16369;16163
São Domingos do Sul;95;106;97;91;116;127;143;139;158;172;179;181;176;175;179;216;247;222;221;237;268;289;312;350;387;406;437;401
São Francisco de Assis;1547;1562;1368;1269;1321;1382;1512;1410;1534;1791;1522;1573;1677;1814;1810;1884;1959;2174;2280;2434;2563;2646;2917;3337;3196;3190;2884;3139
São Francisco de Paula;1878;1596;1861;1912;2120;2046;2582;2782;3030;3042;2976;3242;3188;3215;3379;3700;4151;4599;4966;5256;5741;5886;5775;6101;6065;5643;5566;5532
São Gabriel;5418;5563;6159;6333;6756;7179;8010;8249;8695;9590;9376;9475;9399;9569;10049;10266;10995;11298;12033;12968;13985;14843;15171;16464;15593;15713;15491;16117
São Jerônimo;2321;2374;2430;2326;2790;3058;3353;3594;3569;3870;3943;3760;3931;3967;4276;4393;4713;1579;5072;5222;6020;6250;5725;7656;7448;7278;7379;7426
São João da Urtiga;155;177;191;200;231;261;272;282;285;365;405;402;430;414;458;488;570;596;560;568;629;751;817;886;833;856;900;873
São João do Polêsine;;;;;;;;;;;;;;;;;1;4;4;1;1;7;5;3;1;1;1;5
São Jorge;153;149;143;143;187;220;231;280;325;296;317;318;356;315;312;383;464;432;413;436;461;443;477;492;493;486;482;477
São José das Missões;;;68;96;107;124;98;134;149;152;113;141;106;114;121;133;151;194;184;209;210;240;248;283;272;264;228;334
São José do Hortêncio;120;128;150;155;174;218;247;265;278;314;390;414;416;444;507;513;482;559;644;682;712;755;704;797;886;1040;1101;982
São José do Inhacorá;;;69;107;123;134;133;132;146;162;169;179;177;159;154;154;151;168;207;269;283;307;315;345;310;297;308;293
São José do Norte;789;771;796;804;835;892;969;1039;1122;1121;1150;1138;1138;1223;1303;1391;1582;4398;1634;2090;1927;2352;2375;3193;3202;3147;3303;3186
São José do Ouro;587;602;593;589;655;719;798;927;891;1039;1089;1063;1152;1189;1161;1086;1238;1253;1382;1495;1714;2079;1992;2223;2031;1914;1834;1757
São José do Sul;;;;;;;;;;;;;188;304;247;232;252;306;401;340;356;366;445;516;386;376;441;366
São José dos Ausentes;;;48;57;60;64;64;81;87;106;129;160;165;194;239;267;298;419;374;356;360;465;570;600;590;591;579;512
São Leopoldo;33867;34851;36511;37331;41671;46907;51385;55730;61717;67806;74022;67023;69601;72185;80835;81819;88446;91667;95929;99099;104410;112762;118093;123378;112145;105618;106926;107601
São Lourenço do Sul;3218;3351;3586;3534;3987;4183;4548;4914;5240;5515;5984;5893;5753;5815;6794;6614;7080;7578;7910;8597;9165;9584;8990;11244;11186;11134;12332;12142
São Luiz Gonzaga;4185;4165;4407;4239;4671;4636;5207;5617;5936;5993;5978;5952;6182;6605;6649;6967;7939;8236;8513;8790;9529;10028;10087;10868;10476;10985;11218;10908
São Marcos;2168;2321;2554;2578;2970;3243;3219;3594;3618;4075;4092;4020;3882;3795;4322;4584;5049;5160;5572;6177;6585;6999;7810;8334;7608;7538;7368;7321
São Martinho;659;637;672;645;712;731;761;856;895;933;895;940;942;984;986;994;981;963;971;1028;1274;1933;1847;1529;1577;1512;1613;1614
São Martinho da Serra;;;26;32;59;77;100;94;100;95;132;115;103;98;123;143;161;236;242;256;315;348;340;371;350;330;372;313
São Miguel das Missões;;;;;;;;1;2;1;;;3;;2;2;1;1;0;0;1;1;1;1;0;0;1;0
São Nicolau;363;362;359;358;357;362;350;342;376;434;396;373;540;473;502;492;527;529;537;552;580;675;749;907;938;973;1024;895
São Paulo das Missões;344;394;427;424;446;448;497;485;509;562;598;594;547;536;571;622;738;747;782;797;819;814;788;897;846;856;860;851
São Pedro das Missões;;;;;;;;;;;35;49;49;53;56;53;50;62;98;115;123;116;121;115;127;163;143;202
São Pedro do Butiá;;;162;189;196;198;193;184;180;211;218;217;249;280;265;250;225;273;309;338;360;402;387;408;406;403;437;531
São Pedro do Sul;1268;1334;1392;1402;1806;1744;1672;1499;1689;1942;2064;2046;1808;1975;2106;2114;2270;2451;2486;2594;2879;2935;2796;3166;3022;3174;3326;3358
São Sebastião do Caí;2541;2581;2739;3002;3401;3883;4342;4199;4620;4895;5025;5011;5334;5630;5879;6328;6782;7244;8034;8362;8797;9444;9212;10158;9514;8961;9862;9734
São Sepé;2062;2236;2243;2269;2477;2617;2812;3053;3600;3938;3742;3759;3615;3857;3891;3976;4150;4511;4882;5105;5244;5418;5621;6515;6220;6416;6543;6767
São Valentim;278;281;289;274;307;311;307;349;353;404;459;473;461;437;458;494;558;572;574;610;623;676;680;766;737;708;666;657
São Valentim do Sul;;;52;50;71;92;103;113;112;128;143;158;157;172;198;215;232;242;257;245;245;323;312;343;325;285;278;296
São Valério do Sul;;;47;75;90;93;104;93;87;115;83;87;82;95;117;127;126;135;177;194;201;208;190;183;182;168;134;158
São Vendelino;63;57;77;81;83;164;249;253;254;286;317;341;314;355;387;435;539;613;670;705;881;1075;1148;1280;1149;970;997;887
São Vicente do Sul;495;514;549;547;630;678;740;797;924;1001;983;985;1046;1255;1162;1132;1205;1238;1268;1280;1357;1345;1414;1632;1485;1477;1510;1558
Sapiranga;6129;6752;7571;7826;8801;9532;10343;10865;12199;13468;15137;15013;16129;17464;17924;18013;19323;20284;21517;22496;24367;27713;25867;28665;25568;23837;23415;24059
Sapucaia do Sul;8840;9471;10091;10571;12143;13601;15385;16774;17544;19620;19554;19061;19440;19239;20330;21979;24625;26349;29153;29429;31771;34568;34904;37961;35660;34626;35004;35408
Sarandi;2608;2637;2537;2489;2650;3108;3542;3862;4142;4360;4235;4443;4839;5050;5486;5622;6079;6510;6886;6918;7333;9206;9359;10287;9552;9172;9135;8597
Seberi;969;650;716;788;857;926;1028;1023;1085;1247;1244;1212;1324;1546;1478;1475;1704;1856;1858;2016;2385;2491;2644;2993;3045;3095;3205;3322
Sede Nova;128;110;119;116;128;135;137;142;145;143;153;162;168;203;195;180;212;225;267;317;413;609;577;602;622;599;668;685
Segredo;176;199;177;173;189;203;257;237;256;251;295;297;291;313;285;337;387;401;447;452;464;488;499;528;490;496;501;520
Selbach;25;30;34;32;39;33;29;42;43;55;45;48;46;48;43;47;43;40;40;38;37;39;37;;;0;0;0
Senador Salgado Filho;;;;;;;20;23;33;33;28;28;36;38;45;45;48;49;55;48;46;50;57;64;55;43;7;9
Sentinela do Sul;;;72;83;104;123;152;162;210;253;264;285;274;287;316;291;301;337;326;379;524;610;569;706;580;566;606;561
Serafina Corrêa;1212;1368;1338;1231;1424;1656;1860;2141;2242;2320;2311;2425;2447;2871;2966;3161;3474;3738;4054;4248;4858;4939;5051;5198;5144;5041;5035;4964
Sério;;;;;;22;24;1;16;19;15;18;12;15;19;19;21;13;14;13;13;9;9;6;3;3;5;9
Sertão;338;345;379;356;368;400;421;424;459;493;499;504;550;578;621;633;690;806;825;821;743;801;802;873;867;869;873;879
Sertão Santana;;;204;252;286;325;396;420;439;501;514;522;558;594;670;734;759;750;769;827;889;939;928;1085;996;1070;1575;1483
Sete de Setembro;;;;;;;7;105;106;116;138;166;135;115;122;117;119;115;135;141;132;131;154;161;172;163;145;136
Severiano de Almeida;184;183;200;191;227;244;306;314;336;445;479;494;496;530;527;532;547;547;556;585;649;806;887;900;913;879;867;896
Silveira Martins;;;;;;;;;;;;;;;;;;;;;0;0;0;;;0;0;0
Sinimbu;;;545;664;698;820;775;708;808;861;786;853;848;883;1042;1063;1132;1106;1194;1262;1311;1404;1385;1491;1422;1341;1413;1283
Sobradinho;1440;1515;1571;1652;1765;1911;2032;2144;2315;2609;2750;2830;2775;2862;3293;3391;3656;3800;3995;4118;4321;4666;4964;5139;4655;4456;4432;4473
Soledade;3009;3062;3191;3428;3631;3774;4241;4522;4985;5252;5412;5616;5668;5907;6143;6144;7035;7252;7724;7715;8031;8263;8268;9175;8656;8506;8301;8087
Tabaí;;;;;;;;;7;8;8;7;3;;2;3;3;2;2;2;2;2;3;2;3;3;4;3
Tapejara;167;162;28;;;;;;6;10;10;9;11;11;11;11;11;13;9;10;8;10;13;14;15;16;19;20
Tapera;1397;1236;1303;1316;1376;1515;1618;1697;1762;1849;1890;1875;1899;1905;2852;3564;3765;3616;3553;3761;4064;4313;4430;4735;4546;4666;4712;4097
Tapes;1433;1541;1597;1700;1843;1915;2131;2254;2412;2459;2621;2555;2594;2566;2958;3213;3318;3640;3780;3729;3676;3976;3541;4314;4199;4065;4147;3992
Taquara;7036;7377;7733;8205;9193;10344;11322;12041;12543;13754;14494;13569;13211;13840;14174;14098;15014;15258;16272;17670;18851;20304;20516;22639;22148;20988;20063;19065
Taquari;2100;2221;2417;2550;2800;2940;3351;3594;3723;3926;4219;4063;4196;4233;4559;4495;4777;4857;5070;5264;5406;5899;5682;6078;5872;5560;5330;5277
Taquaruçu do Sul;83;77;88;80;89;111;136;139;144;160;162;162;160;188;186;180;195;244;283;404;411;532;603;661;629;627;634;610
Tavares;238;238;259;254;279;328;332;328;351;389;437;519;508;541;566;542;528;566;633;672;711;752;675;804;816;848;928;911
Tenente Portela;1917;1567;1555;1625;1789;1821;1922;2116;2209;2361;2377;2220;2074;2060;1952;1875;1963;2210;2713;3224;3244;3521;3825;4024;4408;4662;4729;4616
Terra de Areia;1091;1084;1140;1008;1017;1175;1311;1485;1492;1769;1606;1560;1635;1746;2010;1980;2139;2186;2242;2441;2579;2954;2882;3727;3558;3640;3913;3660
Teutônia;13;4;9;23;27;33;31;28;43;43;56;42;31;27;33;36;23;23;25;25;27;42;27;26;24;26;28;37
Tio Hugo;;;;;;;;;;;;;;;53;112;113;83;100;74;8;9;2;0;0;0;0;0
Tiradentes do Sul;;;228;387;384;365;356;393;441;507;531;528;520;478;500;521;547;523;732;935;791;812;680;756;766;779;834;794
Toropi;;;;;;;93;179;144;235;232;222;194;222;257;295;265;286;317;328;376;366;357;403;350;390;426;396
Torres;7180;8102;8245;9174;10155;10873;11688;11844;12417;13687;14199;13357;13990;14289;15180;15805;16728;17530;18658;19816;21501;23760;21462;26232;26622;27120;28221;26720
Tramandaí;6228;7275;6899;7424;9030;10006;10705;11598;12113;13796;14462;14484;14983;16213;16517;17551;17931;18001;18386;19289;21657;23130;20731;26265;25923;25236;25881;24919
Travesseiro;;;1;;;;;;3;4;12;6;8;6;2;2;1;1;1;1;1;2;3;3;;3;1;0
Três Arroios;100;96;155;161;208;191;243;272;247;279;283;303;268;274;322;368;382;380;416;377;376;474;413;483;511;480;482;476
Três Cachoeiras;922;997;1097;1204;1344;1450;1607;1591;1590;1683;1724;1887;1838;1916;1985;2065;2230;2282;2400;2435;2647;2791;2806;3654;3558;3398;3651;3915
Três Coroas;1481;1567;1630;1680;1842;2260;2393;2518;2784;3156;3337;3745;4291;4631;5220;5355;5836;5838;6420;6986;7277;7645;8275;9395;9081;7544;7372;7280
Três de Maio;3118;3230;3433;3543;3841;4093;4360;4629;4693;5071;5150;5160;5337;5311;5423;5065;5479;5754;6346;6956;7514;8176;8147;9324;9359;9110;9021;8893
Três Forquilhas;;;122;135;139;189;199;205;210;190;140;147;144;173;210;208;226;216;211;231;231;258;252;299;319;305;334;339
Três Palmeiras;111;111;107;108;142;167;205;218;270;305;302;293;294;319;314;313;416;357;519;473;527;770;862;903;922;952;1061;939
Três Passos;3726;3899;4266;4218;4710;4780;4695;4972;5152;5508;5354;5524;5357;5353;5433;5480;6013;6608;7018;7080;7459;7889;7859;8620;8699;8751;8322;8430
Trindade do Sul;148;169;218;260;262;286;332;368;404;460;460;475;484;464;496;558;677;779;888;883;891;1046;1033;1101;1102;1142;1156;1091
Triunfo;979;1069;1070;1137;1232;1413;1698;1864;1930;1847;1862;1770;1884;2080;2350;2608;2878;3119;3431;3497;3815;4197;4119;4462;;3735;3845;3873
Tucunduva;881;854;731;731;821;820;870;894;951;993;944;939;974;933;1157;1378;1863;1962;2150;2219;2418;2448;2624;3018;2626;2479;2630;2417
Tunas;;;;;;;;;6;8;11;12;3;;1;1;1;1;1;1;1;1;1;6;;2;2;4
Tupanci do Sul;;;24;36;47;50;48;48;52;63;74;71;57;63;67;71;67;140;137;152;154;144;206;247;239;194;162;200
Tupanciretã;1564;1661;1753;1792;1880;1998;2235;2248;2453;2670;2515;2457;2849;3033;2937;2902;3116;3535;3806;4096;4431;4463;4777;5264;5141;5383;5223;5309
Tupandi;103;141;162;165;180;229;433;341;345;370;581;599;519;621;682;695;795;807;1055;1151;1001;1236;1189;1269;;1375;1372;1295
Tuparendi;999;1086;902;872;930;927;1015;1100;1179;1216;1273;1293;1392;1383;1388;1480;1801;1895;1965;2144;2226;2242;2426;2639;2598;2619;2761;2605
Turuçu;;;;;;;63;168;153;175;198;214;260;368;399;365;392;413;403;451;493;521;523;620;702;734;714;733
Ubiretama;;;;;;;6;83;85;82;72;83;94;85;77;90;99;108;123;144;148;161;158;158;157;173;219;259
União da Serra;;;51;60;69;81;94;83;88;95;91;98;102;90;100;104;96;97;117;119;119;115;218;297;247;193;193;181
Unistalda;;;;;;;13;22;28;28;29;48;70;80;100;101;110;109;145;207;219;224;250;234;;239;190;140
Uruguaiana;19647;22451;24292;25999;26549;26370;27857;27996;30812;34585;33980;32407;32225;33121;33842;34330;34538;35254;38209;35150;37882;39010;38075;42783;;37461;38616;39492
Vacaria;11424;14000;16048;18497;21177;22295;25106;26812;26501;29458;22950;26881;27946;31041;27684;27966;30922;33639;38218;42166;42697;45832;36737;38909;37384;33724;37562;37052
Vale do Sol;;;318;373;380;424;538;624;612;686;717;890;899;1013;925;924;1037;1134;1204;1415;1232;1262;1286;1353;;1220;1246;1186
Vale Real;;;185;209;243;316;375;384;372;441;485;578;489;541;578;656;913;957;775;878;1063;997;944;986;956;977;944;786
Vanini;51;62;68;63;79;97;92;90;97;124;133;159;165;152;136;137;158;174;205;222;223;251;294;297;309;294;337;312
Venâncio Aires;5656;5993;6061;6379;7153;8346;9873;12344;11106;12019;12568;12868;13219;13766;14194;14658;15344;16818;17130;17881;20117;20520;20480;22415;;21268;21882;20475
Vera Cruz;1863;2232;2612;2670;2636;2507;2866;2655;2864;3156;3722;3627;3720;3904;3879;3526;3636;3936;4335;4721;4900;4857;4965;5422;;4812;4745;4796
Veranópolis;2647;2803;2973;3110;3608;4107;4906;5366;5681;6516;6519;6278;6509;6487;6642;6765;7661;7658;8126;8271;8941;9533;9779;10968;11048;10845;10594;10509
Vespasiano Correa;;;;;;;137;118;128;139;193;206;176;178;220;225;275;326;375;397;418;461;435;457;;370;351;360
Viadutos;308;303;223;220;225;263;260;318;318;376;401;445;438;448;464;481;704;600;648;681;742;840;823;906;855;829;865;882
Viamão;9983;10574;11152;11649;13139;14939;18389;19450;21346;23181;24733;26136;25742;25605;27559;28666;31691;33972;35943;38506;42192;47044;45223;56157;55040;53048;52283;50121
Vicente Dutra;501;535;507;512;594;558;554;645;603;697;500;472;495;516;474;441;498;493;563;572;515;550;492;546;669;626;634;650
Victor Graeff;145;161;179;177;179;215;235;247;270;290;286;303;306;311;321;345;365;375;443;463;577;763;928;997;976;976;901;817
Vila Flores;156;157;169;168;225;258;285;328;376;386;391;396;430;383;404;438;637;620;770;739;791;805;865;850;835;849;819;759
Vila Maria;187;203;242;248;264;323;355;443;547;546;589;585;636;682;756;740;806;889;901;954;1052;1072;1074;1204;1177;1227;1177;1075
Vila Nova do Sul;;;;;;;;;2;3;;;;;4;7;12;14;8;6;6;7;6;7;;7;7;6
Vista Alegre;60;52;54;47;57;67;77;96;101;101;128;161;166;254;296;307;370;424;412;422;459;493;576;507;298;283;293;311
Vista Alegre do Prata;49;51;53;54;71;68;82;94;113;123;153;165;152;123;130;170;187;230;457;1842;1571;239;256;342;294;304;322;318
Vista Gaúcha;103;80;94;106;119;135;155;175;191;201;219;226;214;211;219;224;235;240;276;329;309;357;549;373;422;565;717;706
Vitória das Missões;;;3;;;;;11;39;39;30;12;2;2;1;1;1;2;1;1;1;1;0;1;1;1;1;1
Xangrilá;;;1547;1727;1968;2293;2657;2990;3293;3601;3823;3685;3886;4816;4990;5761;6187;6668;7313;7848;10080;11490;10928;14706;14829;15126;15052;15023
