variavel: Industrial;;;;;;;;;;;;;;;;;;;;;;;;;;;;
caminho: /Energia Elétrica/Consumo/Industrial;;;;;;;;;;;;;;;;;;;;;;;;;;;;
fonte: Distribuidoras de Energia Elétrica do Rio Grande do Sul;;;;;;;;;;;;;;;;;;;;;;;;;;;;
agrupador: Município;;;;;;;;;;;;;;;;;;;;;;;;;;;;
descricao: ;;;;;;;;;;;;;;;;;;;;;;;;;;;;
Unidades;MWh;;;;;;;;;;;;;;;;;;;;;;;;;;;
Município;1991;1992;1993;1994;1995;1996;1997;1998;1999;2000;2001;2002;2003;2004;2005;2006;2007;2008;2009;2010;2011;2012;2013;2014;2015;2016;2017;2018
Água Santa;31;58;61;64;71;66;75;98;69;92;114;218;303;347;377;376;318;123;156;170;127;139;151;137;139;146;146;154
Agudo;1458;1797;1856;1523;1711;2235;2549;2519;9242;14479;4870;4718;4686;5432;6103;6939;7716;7787;8446;8039;8588;9111;9497;9664;8879;9143;9853;9655
Ajuricaba;524;580;593;638;633;482;525;539;516;456;499;545;585;473;410;321;116;119;105;95;88;79;80;93;87;86;88;82
Alecrim;147;178;167;187;177;138;128;126;127;135;129;127;131;148;142;103;98;83;71;73;68;62;62;59;60;59;54;63
Alegrete;20673;19471;24168;23967;19893;18335;19392;18459;21311;23229;22209;22725;18977;25811;30750;33545;28413;30518;29794;22348;22964;22368;22861;22715;17952;16852;10511;18935
Alegria;148;182;227;386;333;312;325;412;371;277;286;256;98;108;121;95;105;90;85;93;130;167;433;598;856;731;137;35
Alpestre;38;19;21;27;30;29;30;30;43;54;72;53;53;55;55;51;78;64;36;35;40;38;45;47;45;43;45;44
Alto Feliz;;;64;75;89;110;245;637;915;1040;1079;554;636;821;980;1098;819;591;514;597;616;639;744;813;656;647;755;843
Alvorada;8496;8264;8570;9873;11146;12184;14743;15284;14051;15514;15768;15540;16360;18055;17373;17472;18109;20481;21604;24771;25106;24165;26858;27174;23544;21848;21922;21795
Amaral Ferrador;;1;8;3;14;;7;16;19;5;14;23;10;14;19;19;27;28;30;38;35;34;41;43;38;40;46;56
Ametista do Sul;;;238;304;316;327;359;304;345;368;484;663;748;727;721;409;150;63;38;52;55;30;27;41;37;31;23;27
André da Rocha;70;28;64;32;23;34;32;43;43;44;42;36;40;125;102;109;133;110;111;89;133;110;166;279;252;78;348;415
Anta Gorda;615;455;638;1096;893;907;1061;1043;987;1424;1634;1963;2062;1782;1187;1260;1257;1565;1406;1453;1171;1316;1678;2091;2116;2316;2616;2868
Antônio Prado;6814;6067;8241;9272;11280;12719;10925;14283;14291;16249;15479;15846;16340;16411;17973;18042;20453;19860;19034;21543;22515;24971;30768;32965;31867;33674;35742;38353
Arambaré;;;622;501;573;473;391;351;307;412;408;286;253;336;327;324;351;417;415;352;460;397;194;190;215;210;197;198
Araricá;;;;;;;1519;1549;1690;3128;3115;2909;2470;2718;2667;2890;3910;4826;5045;5882;6344;5938;6399;7294;5828;5693;6169;7519
Aratiba;355;307;337;343;314;264;325;1269;391;278;331;321;459;418;472;398;1074;1207;1242;1321;1274;1326;1182;1191;1280;1975;2008;1943
Arroio do Meio;19188;18023;18508;19047;19113;21474;21700;25730;30518;35416;37478;39314;39946;41841;48232;52722;57094;57001;53206;53580;57563;58074;62236;69842;73535;74093;74106;70250
Arroio do Padre;;;;;;;;;;;6;20;20;27;35;39;45;49;44;77;34;28;17;25;42;43;48;51
Arroio do Sal;94;154;152;147;170;274;420;437;454;538;547;589;482;471;479;575;677;677;714;689;754;448;395;420;379;360;285;272
Arroio do Tigre;526;575;619;706;725;1027;1296;1417;1595;1858;1950;1919;1876;2003;1755;1566;1604;1758;1536;1530;1353;1333;1489;1613;1616;1458;1321;1271
Arroio dos Ratos;4415;3188;3416;2343;1584;1660;1615;1604;2099;3269;2869;4304;6124;6850;8781;8387;9073;9137;5549;3673;3885;4130;4554;4688;5130;3315;5752;930
Arroio Grande;2572;2526;3403;3381;3736;3228;2732;2634;3148;2856;2879;2936;2401;2797;2378;2075;2545;3181;3834;5002;5610;4277;3253;2175;2356;1786;1468;1598
Arvorezinha;911;772;942;964;850;1024;1117;939;787;694;730;798;924;1060;1070;1112;1136;984;945;974;838;501;1229;1420;1530;1870;1901;1454
Augusto Pestana;69;43;69;90;91;96;115;116;92;93;114;108;147;155;160;181;238;169;114;136;119;112;107;114;124;120;118;90
Áurea;229;334;285;258;295;291;341;388;384;324;326;348;432;409;377;274;364;374;371;486;330;279;469;475;474;529;582;607
Bagé;69288;65143;44106;27739;25132;13693;13566;13380;20110;23160;21076;25972;23153;26284;26319;24305;23131;25153;24294;26267;29160;27227;27418;28573;28598;29641;30779;30563
Balneário Pinhal;;;;;;;74;74;80;48;43;45;29;96;128;116;150;290;249;291;271;223;241;271;191;178;221;241
Barão;;;3;;;8;5;;6;9;10;29;6;7;12;13;12;6;;0;2;0;0;;;0;0;0
Barão de Cotegipe;329;343;373;391;393;418;463;471;449;530;472;563;810;929;1091;938;991;964;670;693;672;705;736;796;909;938;961;1104
Barão do Triunfo;;;36;;;;;;;;;;;;;0;;;;;0;0;0;0;0;0;0;0
Barra do Guarita;;;20;15;26;28;23;22;22;19;27;25;11;13;9;9;13;14;8;9;7;7;9;11;11;4;6;7
Barra do Quaraí;;;;;;;2207;2063;2140;2129;304;200;168;131;126;120;92;128;177;121;118;189;152;27;27;28;25;24
Barra do Ribeiro;1892;2017;2411;2436;2488;2509;2367;2206;2118;2189;2007;2124;2340;2923;3038;3090;3422;4072;4178;4523;4931;4768;5130;7002;6745;6012;5925;5118
Barra do Rio Azul;;;19;25;25;24;24;23;24;36;48;46;35;34;29;25;25;28;26;18;17;16;13;17;14;15;14;16
Barra Funda;;;801;1284;1481;1210;1709;1980;2354;2773;2434;2323;2813;3313;3649;3430;3466;3485;2729;2510;2503;2928;2701;2881;3072;3407;3672;3833
Barracão;188;243;245;192;211;206;234;241;180;187;253;227;282;342;1453;2022;436;950;362;219;174;98;115;156;120;128;128;114
Barros Cassal;258;145;143;124;128;139;165;168;181;487;432;307;221;231;246;228;197;161;101;103;95;96;93;96;97;97;94;97
Benjamin Constant do Sul;;;;;;;21;22;26;27;27;29;31;31;34;35;36;36;45;47;60;69;83;101;132;64;46;46
Bento Gonçalves;76125;78020;87502;89318;94308;99647;108958;111435;115650;130863;133878;139526;144884;169177;170963;171015;201688;205364;186276;154074;222568;215621;236673;226511;205139;193445;205667;210071
Boa Vista das Missões;;;;;;;;;1;5;3;;;;;;;;;;0;0;0;;;0;0;0
Boa Vista do Buricá;558;786;1039;972;1318;1557;1310;1292;1309;1552;1812;1772;2058;1926;1865;1895;1502;1277;1162;1345;1466;890;1126;1300;1210;1361;1437;1491
Boa Vista do Cadeado;;;;;;;;;;;149;152;150;127;198;255;253;205;127;125;143;150;137;131;130;110;46;4
Boa Vista do Sul;;;;;;;41;96;146;161;1384;1400;1718;2442;2783;2713;2486;2759;2259;2792;4292;3860;3853;4363;4589;4921;5293;6557
Bom Jesus;2633;2710;2692;3401;3000;2509;2357;1810;2051;2498;2394;2033;2665;2582;2568;1324;1491;1601;2638;2254;2389;3255;2111;2176;2437;2824;3137;3550
Bom Princípio;5603;6594;8618;9544;11371;10297;10569;11503;12776;13421;14992;16888;18812;22065;22361;21973;25327;26520;26649;27600;29642;30597;31395;33933;33159;32105;33713;37721
Bom Progresso;;;283;301;327;329;331;313;328;361;359;315;330;306;282;356;437;299;369;372;320;232;268;313;337;213;87;77
Bom Retiro do Sul;4964;4586;5637;6266;5972;5047;4809;5074;5759;6543;8241;9436;9762;10096;9492;9368;9416;10151;9402;10189;10021;9532;10033;10504;10584;10820;10821;11654
Boqueirão do Leão;;;3;;;;;;;;;;;;;0;;;;4;14;19;18;14;4;0;0;0
Bossoroca;;;;;;;;;;;;;;;;;;;;;0;0;0;;;0;0;0
Bozano;;;;;;;;;;;;;;;;0;12;;;;0;0;0;;;0;0;0
Braga;108;148;148;130;123;131;130;106;122;138;194;138;144;139;146;143;192;169;132;132;179;178;227;217;273;204;132;70
Brochier;1362;1467;1100;956;926;917;985;958;1062;1196;1215;1197;1114;1075;556;494;996;919;492;312;357;474;585;587;550;668;779;1050
Butiá;14746;19093;15612;16023;15722;15026;13385;13297;13901;15799;14544;14497;14312;13729;13906;11131;13415;15197;14810;16624;17360;16298;16132;16103;13426;8112;540;595
Caçapava do Sul;45176;55181;55787;43655;36349;24913;18985;17418;17257;19447;20572;21691;24656;24094;17012;18531;20909;24750;23691;26138;30658;30809;35705;36496;33940;32832;33393;37495
Cacequi;515;495;613;646;812;748;869;671;708;813;684;548;307;317;340;359;397;421;596;744;498;700;661;424;940;1282;1444;1486
Cachoeira do Sul;17045;12084;13407;14018;14550;14497;14158;11978;13097;15133;13787;14265;13616;13693;14435;15515;22583;33298;30456;32808;35798;33543;31645;38314;39415;28499;16570;27482
Cachoeirinha;43022;42553;48924;53788;57627;58590;65319;76000;80987;90270;91698;95401;118463;125607;116163;100447;142849;149111;137845;109030;162255;159050;164933;159533;138579;125983;122661;125478
Cacique Doble;313;154;543;698;302;782;706;613;232;194;123;326;163;187;215;170;199;97;55;103;88;75;54;73;57;64;57;58
Caiçara;130;115;112;115;126;96;138;156;145;133;81;93;96;94;85;83;92;82;78;84;60;50;55;58;53;64;97;94
Camaquã;27916;30613;32449;32567;35971;39914;39678;41627;49947;61552;57799;58385;55016;61718;64624;61108;65573;74593;80300;77383;88059;75109;71053;65618;43900;38531;26016;10198
Camargo;27;42;45;49;60;65;61;76;70;401;1307;1478;1363;1465;1843;2059;2514;2248;1420;1256;1470;2553;4314;5967;5852;5304;5945;6636
Cambará do Sul;2580;2948;3509;3917;4203;5148;5342;6648;6835;8895;8959;8319;8106;7537;6869;7840;7943;8077;6431;6779;6381;5211;6463;6742;6958;6547;6826;7026
Campestre da Serra;;;136;143;202;243;180;225;375;324;423;385;397;509;490;447;533;541;626;945;1024;1177;1204;1419;1331;1142;1284;1290
Campina das Missões;201;181;211;218;211;199;212;215;215;216;207;195;193;193;196;169;168;139;121;133;139;128;130;135;126;129;124;118
Campinas do Sul;329;352;379;413;468;452;481;452;660;867;1017;1048;1154;1201;1037;795;784;728;570;603;569;581;843;919;771;591;565;559
Campo Bom;76647;65003;81379;81427;85999;85684;86144;85696;91087;100476;93595;94577;94297;102644;98915;106082;108289;106225;100361;111759;106414;109139;114785;112227;101512;100251;103186;102582
Campo Novo;745;1254;1455;1600;1040;1036;1167;1630;1458;1422;1681;1905;1502;1429;1631;1595;1330;1052;1059;1555;1677;1578;2872;2959;3124;3780;3939;3988
Campos Borges;36;;;;;;;;;;;;;;;;;;;;;;;;;;;
Candelária;1846;1823;1994;3826;3765;4581;4663;3983;4160;4758;5096;4570;4789;5038;4629;5940;5707;5514;4313;3964;3384;3544;4162;4818;4990;4989;5066;5267
Cândido Godói;199;196;243;267;351;303;340;310;284;276;342;376;418;477;370;361;379;396;372;544;659;655;782;1304;1130;1339;1362;1505
Candiota;;;23743;38189;46366;58236;56332;57138;56797;59111;60157;51022;54637;49011;52676;7868;5545;56779;56829;61519;69202;65906;15539;5924;5277;6367;6889;3839
Canela;26590;26764;29470;29695;29374;29427;30993;30915;29453;28590;29114;29820;28642;31902;33883;28972;33000;31077;32133;31965;31804;26635;29237;28469;28565;27217;29545;31767
Canguçu;625;643;690;783;796;803;748;644;818;1251;1569;938;1186;1256;1242;1162;1219;1152;1209;1213;1486;1801;1896;2411;2515;2080;1905;1810
Canoas;223747;216294;178959;186721;179926;177231;166247;155041;146425;162921;166906;165198;167681;175519;172003;162458;151702;153791;145556;162911;172361;195649;198746;198088;182694;166596;170603;184905
Capão Bonito do Sul;;;;;;;;;;;2;4;22;3;11;14;12;11;23;127;132;89;145;169;124;84;3;9
Capão da Canoa;1163;1486;1276;1548;1569;1531;1835;2159;2137;2036;1993;2196;2084;2326;2202;2776;3135;3391;3257;3683;3541;3074;3223;3117;2737;2643;2882;2763
Capão do Cipó;;;;;;;;;;;;31;592;1043;353;233;325;317;232;150;149;157;239;245;298;347;241;325
Capão do Leão;17579;18996;18370;20631;19074;17207;17310;14730;14691;15505;17855;14422;15376;16981;23424;27948;28915;29669;28902;30946;31372;32287;26417;27181;21189;17376;16432;11864
Capela de Santana;1103;1558;2008;2225;2204;2395;2779;4469;5007;6921;7607;9522;11123;11935;9580;4471;2526;3281;2223;2547;2595;3124;4913;5477;4309;4043;3324;3704
Capitão;;;;;;;;;;;;;;;;;;;;;0;0;0;;;0;0;0
Capivari do Sul;;;;;;;1316;2286;2754;3139;3112;3674;4356;4807;7479;8278;8141;7805;7548;6163;6910;7341;7444;7252;6272;5678;5393;5423
Caraá;;;;;;;340;120;20;266;426;487;502;610;626;728;801;773;813;742;745;793;803;724;688;747;815;808
Carazinho;111;;;;;;;;;;;;;;;;;;;;0;0;0;;;0;0;0
Carlos Barbosa;36498;44115;52229;52718;56812;53457;55844;62994;64605;71602;74740;79308;79004;88247;58533;53526;106420;107801;98032;23971;118969;114265;127121;137313;141592;140428;152825;160345
Carlos Gomes;;;10;;;;10;3;17;12;11;18;16;10;7;12;12;9;11;8;8;5;4;2;2;2;8;10
Casca;624;598;577;700;923;1148;1361;1983;2550;2893;3093;3452;3905;4199;4038;4310;4991;5095;4954;6466;7446;9387;9878;10039;9592;10070;11070;11864
Caseiros;75;106;75;70;1454;344;232;408;439;463;399;453;352;466;452;330;211;177;261;213;195;202;190;188;145;256;251;490
Catuípe;424;507;540;504;469;408;499;656;616;668;655;629;631;638;647;638;740;631;529;371;388;396;373;330;238;201;180;215
Caxias do Sul;296128;277642;320416;351915;381046;372290;408044;415322;423211;487130;513791;526697;568679;646636;631157;631608;805990;858289;758538;538116;901006;828757;887554;806618;683432;645771;659743;697405
Centenário;;;13;20;15;15;21;9;25;27;30;26;27;22;22;52;24;38;32;29;33;25;26;30;19;12;8;6
Cerrito;;;;;;;593;299;331;371;330;251;171;276;269;285;317;285;272;348;466;504;486;430;373;271;313;234
Cerro Branco;;;;;;;;;;;;;;;;;;;;;0;0;0;;;0;0;0
Cerro Grande;;;;;;;;;;;;;;;;;;0;0;0;0;0;0;;;0;0;0
Cerro Grande do Sul;184;224;262;292;319;373;401;421;433;452;640;562;625;589;534;621;748;738;756;932;1067;1232;1370;1540;1623;1682;1740;1753
Cerro Largo;983;1274;1163;1201;1153;1158;1298;1469;1391;1517;1742;1715;1794;1730;1714;1861;1953;2272;2059;2221;2604;2628;2822;2957;2120;2012;1972;2073
Charqueadas;89211;136525;171789;195620;186838;173562;199592;197741;229236;282538;265765;280660;294488;292842;310794;357527;367463;401048;260751;393594;381239;354532;385048;338595;274692;16848;1636;1507
Charrua;;;366;445;350;158;199;106;79;128;141;327;296;509;414;412;198;151;127;49;40;39;35;36;43;43;43;42
Chiapetta;435;368;381;540;553;295;381;365;312;391;388;312;335;320;268;323;114;28;22;26;29;20;19;20;21;24;20;18
Chuí;;;;;;;231;116;87;180;137;27;58;71;44;55;88;80;57;65;50;25;49;57;49;46;40;35
Chuvisca;;;;;;;5;9;10;9;7;16;13;18;19;17;23;33;37;46;46;41;56;89;79;75;86;85
Cidreira;1370;1622;1869;2025;2399;2408;2160;3594;4477;4830;2315;2344;2825;2328;624;353;361;365;409;390;414;320;332;331;376;427;454;434
Ciríaco;75;98;91;109;135;113;131;249;211;220;179;137;111;136;162;128;138;123;85;69;64;57;70;69;58;69;62;56
Colinas;;;667;564;556;346;695;389;498;852;872;996;953;1018;886;741;709;467;308;635;1049;1277;1593;1477;1038;832;703;679
Constantina;362;341;375;695;500;475;556;694;757;865;771;663;752;965;1007;880;755;986;1132;1149;1076;721;896;962;1068;1172;1214;1236
Coqueiro Baixo;;;;;;;;;;;;3;12;12;7;8;8;6;6;5;5;5;6;6;6;6;5;5
Coronel Bicaco;790;875;781;863;859;497;611;672;620;621;743;705;829;768;591;629;779;595;313;406;360;342;368;218;163;162;176;178
Coronel Pilar;;;;;;;;;;;29;33;29;31;31;33;32;31;30;27;33;20;250;198;23;22;23;20
Cotiporã;410;349;385;481;656;688;720;862;1044;1409;1368;1245;1221;1242;1379;6337;8213;6886;2142;1721;1584;1706;2404;2623;2545;2725;2812;3058
Coxilha;;;137;168;157;120;184;275;369;373;349;318;375;375;313;286;303;305;179;199;212;249;363;373;434;220;288;231
Crissiumal;1075;1189;1265;1203;1253;1376;1559;1846;1624;1811;1988;2242;2201;2377;3110;3391;2889;3077;3221;3214;2794;2591;2407;2599;2152;2489;2398;2596
Cristal;270;364;536;664;677;467;454;418;429;544;423;381;416;446;374;340;475;450;443;773;1103;839;1253;1164;1382;1063;950;727
Cristal do Sul;;;;;;;;;;;;;;;;;;;;;0;0;0;;;0;0;5
Cruz Alta;7705;8062;8731;7468;10800;10249;10216;13151;10838;7386;7064;12481;14140;8729;3713;8981;12858;15256;23811;20564;23823;23313;23211;24977;25558;28831;22048;20671
Cruzaltense;;;;;;;;;;;1;2;6;4;3;2;16;24;8;1;1;0;0;;;0;0;0
Cruzeiro do Sul;1859;2014;2210;2397;2389;2723;3032;3738;4421;5717;6214;8032;8216;10868;11606;12833;11451;11017;10561;11508;11103;13199;13984;15891;14993;15985;15705;17907
David Canabarro;79;93;90;101;119;133;140;173;195;193;187;147;143;145;90;125;167;160;154;156;159;136;168;158;139;139;129;125
Derrubadas;;;25;28;49;66;60;67;72;83;95;100;99;106;95;118;125;67;53;54;54;47;60;69;162;271;256;232
Dezesseis de Novembro;49;23;36;52;52;49;52;61;48;37;46;47;52;51;47;41;50;54;48;45;38;7;2;2;;0;0;0
Dilermando de Aguiar;;;;;;;48;41;183;96;182;95;44;39;45;85;808;1051;558;1067;547;408;283;326;308;635;635;523
Dois Irmãos;10452;11918;12290;12043;13078;15584;17074;16168;16227;20467;21633;22906;24110;25823;26584;25203;25034;23881;22493;23750;25039;25445;26378;27270;25437;24806;23827;24120
Dois Irmãos das Missões;;;77;45;51;49;57;55;27;16;382;3;3;3;2;1;1;1;16;27;26;9;8;9;13;17;15;11
Dois Lajeados;214;103;149;170;88;74;95;101;110;199;339;464;526;402;244;246;479;1408;273;247;238;278;293;342;297;300;265;287
Dom Feliciano;20;22;23;17;18;24;20;19;22;23;27;41;66;71;81;85;81;88;103;103;153;138;119;131;142;126;126;122
Dom Pedrito;7457;8347;8062;7605;9938;10972;11360;13647;16884;14621;17004;17266;15136;17774;18369;18362;15999;19806;20252;17346;21524;18203;16416;15791;17881;14779;16220;12304
Dom Pedro de Alcântara;;;;;;;39;72;74;69;56;36;39;23;26;25;29;51;2253;5697;630;1291;2012;620;616;543;417;401
Doutor Maurício Cardoso;274;327;421;503;460;411;411;474;506;475;548;518;236;333;209;201;39;131;111;113;106;63;40;36;37;38;49;56
Doutor Ricardo;;;;;;;75;77;127;144;138;193;245;285;444;605;606;659;721;827;918;1053;1259;1471;1345;1419;1371;1400
Eldorado do Sul;50657;47291;41047;49955;53612;57026;59801;58221;56498;56897;52758;54003;42167;40741;40400;38488;38747;36128;37840;41468;40007;38233;38282;38022;36116;29591;16633;15790
Encantado;15945;16731;18325;18173;19867;20840;21989;24517;26061;25773;26999;28209;26480;29553;29514;31628;35150;34896;34847;36366;35880;39067;41995;45105;46251;45389;45390;49026
Encruzilhada do Sul;807;641;1099;1543;1728;2009;2623;3302;4421;3267;1506;1823;1836;1819;1781;1841;1235;1447;1025;1190;1389;1138;1243;1330;1239;2415;3568;3340
Engenho Velho;;;;;;;;;;3;43;108;154;143;88;67;58;77;88;81;69;51;5;25;51;48;59;69
Entre Rios do Sul;131;50;67;64;55;54;77;94;115;101;73;79;91;81;85;123;149;212;190;147;152;146;148;145;155;156;164;167
Entreijuís;284;498;448;355;348;396;385;453;302;275;369;481;519;493;358;309;360;318;218;257;242;160;223;210;195;191;217;89
Erebango;487;497;528;497;658;686;606;714;578;623;726;795;1211;1417;1208;1170;1286;1209;1027;1031;1013;1437;1211;1386;1233;769;858;765
Erechim;26493;26227;31150;38064;43385;48159;52739;58965;63203;70750;67947;71516;75661;76599;78901;80468;91466;100983;89254;88239;105379;105189;119709;133782;125687;123847;129517;116820
Ernestina;551;148;151;179;181;180;202;267;253;249;345;330;362;367;296;203;66;81;89;83;87;70;71;72;79;94;77;74
Erval Grande;309;221;154;71;78;97;106;92;113;205;193;396;524;502;1257;999;1039;1462;1303;1522;1565;1271;1201;1188;920;839;1018;866
Erval Seco;392;286;176;183;243;211;228;234;275;285;296;282;686;380;307;296;456;242;420;491;488;287;350;349;309;281;277;255
Esmeralda;209;121;107;77;78;81;99;149;152;142;168;214;214;174;146;137;217;178;124;61;54;48;128;187;235;214;76;75
Esperança do Sul;;;;;;;35;44;47;42;51;71;83;84;77;69;64;42;110;311;620;752;776;1328;1604;1184;1078;1184
Espumoso;723;832;919;1092;1273;1365;1434;1834;1949;2243;2796;2927;2897;2615;2660;2921;3277;3388;2896;2793;2877;3269;3804;3683;3935;3901;4123;4099
Estação;5660;4214;4588;5045;5240;5763;6250;6857;6872;7273;7009;7004;7621;7905;8286;8240;7682;6844;5781;4848;6293;7265;7882;8445;8613;8784;8966;8913
Estância Velha;61442;64540;66976;69482;62899;65071;67231;64590;66242;71968;67447;70310;72596;78307;84754;80340;71581;57744;50281;58565;57630;51942;51858;48782;43074;38503;38402;37897
Esteio;114630;111956;126447;145066;157161;163562;158789;165065;178615;179098;189472;185688;186002;187953;181906;187449;107460;110838;102316;105670;110042;159842;162008;163495;148615;136350;140807;137093
Estrela;24428;20620;19453;22341;21299;29389;30940;32709;31704;27338;33022;31446;26938;26478;24603;24183;26790;25425;28712;45623;47523;49403;44590;42329;39477;42619;45768;46291
Estrela Velha;;;;;;;;;;;;;;;;;;;;;0;0;0;;;0;0;0
Eugênio de Castro;110;143;132;166;183;160;156;196;177;178;278;284;245;190;177;160;105;160;138;163;149;143;115;20;37;11;10;9
Fagundes Varela;368;340;444;531;464;466;634;770;1127;1319;1260;1599;1731;1779;1569;1915;1960;1967;1880;2142;2330;2360;2534;2665;2575;2446;2405;2351
Farroupilha;64016;71281;80905;82595;80035;79937;72154;61433;64436;72037;73454;75110;78783;85918;85512;87684;96752;118678;109219;87987;134992;128577;135111;134809;133902;136382;142551;147228
Faxinal do Soturno;;;;;;;;;;;;;;;;;;;;;0;0;0;;;0;0;0
Faxinalzinho;293;398;471;374;400;321;271;217;204;172;78;91;100;95;78;76;96;2070;1562;111;66;57;61;51;71;74;85;83
Fazenda Vilanova;;;;;;;304;393;627;821;1092;1609;2999;4457;4911;7450;9585;10636;11964;10712;10295;10418;8462;8643;8008;2462;1782;1786
Feliz;13149;11251;9632;10303;11273;11631;10844;10744;9385;7044;6629;6014;6315;6181;11090;12084;12314;13871;14651;19964;24193;23375;26665;28997;26208;26227;26019;23699
Flores da Cunha;11942;14520;17361;16777;17516;18665;21424;25786;32943;36989;37011;38692;38952;41754;38845;39352;38760;36508;34967;38276;45282;56926;63824;68912;69048;66694;72920;76371
Floriano Peixoto;;;;;;;;;;;;;;30;;;;;;;;;;;;;;
Fontoura Xavier;;;;;;;;;;;;;;;;;;;;;0;0;0;;;0;0;0
Formigueiro;284;445;554;611;746;823;845;674;1015;1016;906;937;739;905;959;1101;1173;1337;2354;2008;2857;2444;2465;2550;2654;2545;3062;3155
Fortaleza dos Valos;467;513;481;464;522;465;576;764;519;452;522;532;563;412;479;389;426;422;356;341;264;93;89;84;65;60;69;75
Frederico Westphalen;5988;6054;6794;7188;7631;7310;1972;2251;2759;3384;4237;7746;9683;10797;11984;14633;17981;19381;21122;18851;23568;21615;22919;25159;27006;27816;25620;23311
Garibaldi;22003;23868;26396;29894;33579;36499;38549;41392;46303;52823;52872;55715;58561;66478;69646;68741;76975;89396;84959;64706;103318;100014;109493;114999;114769;110589;104385;106680
Garruchos;;;2;;82;86;108;169;541;550;514;338;149;110;145;140;173;188;158;174;215;206;237;228;219;260;281;245
Gaurama;668;716;719;650;699;807;793;392;438;669;854;939;1485;2442;3297;3126;4099;5177;5437;5565;6188;5768;7030;6486;5336;6321;6709;6643
General Câmara;230;373;386;574;887;367;168;154;181;202;144;107;100;70;79;57;119;70;53;53;39;63;40;53;32;34;23;19
Gentil;;;15;27;25;21;26;24;28;34;36;46;63;61;47;72;66;60;51;53;55;56;59;62;62;51;50;67
Getúlio Vargas;8230;5508;6250;7257;8541;7308;8885;9141;9480;8314;5883;5755;5793;6014;6338;6810;7460;7081;5217;5690;6226;6563;6388;6879;6532;6069;6554;6686
Giruá;1317;1888;4485;5985;6977;6253;6677;7062;6620;2253;3994;4545;3727;3573;3825;4477;3935;5244;5030;5941;5690;4576;4240;3450;3852;4136;4714;5419
Glorinha;229;261;303;428;507;576;505;584;669;929;1015;1322;1721;1471;1842;2227;2057;2219;1971;2111;2258;2412;2575;2637;2083;1933;1658;1734
Gramado;8644;9426;10787;11749;12389;12106;13306;12128;13488;15073;15862;15867;16166;17754;19378;19466;21265;21891;20085;22600;23699;22712;23653;23312;22636;20429;18718;17442
Gramado dos Loureiros;;;;;;;;;;;;;;;;6;4;;;;0;0;0;;;0;0;0
Gramado Xavier;;;20;;;;;;;;;;;;;;;;;;0;0;0;;;0;0;0
Gravataí;177171;186779;203864;230742;252986;259833;270626;272562;274720;365824;397411;398453;391905;421766;423922;322454;495133;485304;444344;292931;505235;479010;548461;530388;472568;438366;469859;485045
Guabiju;40;40;44;53;62;61;74;70;72;87;96;320;601;590;668;640;873;1123;1196;1194;991;901;978;1049;1039;847;1222;1313
Guaíba;50089;60444;70441;67478;68933;77793;83129;118411;138616;179648;162964;220553;217311;178415;134248;66855;58498;38004;36338;38539;36003;20424;14531;19904;19490;15185;15473;14037
Guaporé;6033;5796;7317;8677;9698;9961;10722;10135;11354;14361;12837;12233;12563;14207;13707;14257;16331;17042;14547;16329;16877;15593;16290;18261;17459;17696;18533;19336
Guarani das Missões;2096;2377;2217;2341;2257;2478;2436;3629;3827;4027;4487;4256;4594;4390;4241;4564;4549;4400;4660;4607;4455;4195;4238;4052;3508;3925;3698;4013
Harmonia;1211;1402;1559;1559;1739;1900;2038;1877;1868;2168;2377;2485;2746;3218;3468;3497;3703;3507;3477;4037;4816;5081;5421;5627;5931;6140;6398;6674
Herval;95;125;251;118;58;44;52;54;59;22;7;5;5;3;2;3;12;177;216;124;140;3263;1529;130;105;69;59;50
Herveiras;;;;;;;1;1;4;7;10;13;11;12;13;13;12;10;4;3;2;3;5;4;4;3;2;3
Horizontina;7498;10889;12184;14846;11234;15495;21322;20682;18368;21823;25112;28804;34827;37054;25707;21235;28120;30153;22673;27757;26382;22395;30077;29328;22943;24509;27188;29328
Hulha Negra;;;;;;3115;4652;4682;5635;6611;6385;7496;7958;8773;7507;8344;9284;9601;10099;11639;1575;3124;805;724;784;878;1188;1198
Humaitá;475;516;560;585;686;672;742;619;525;566;634;685;672;652;780;997;891;1014;821;871;694;99;68;60;69;52;65;36
Ibarama;100;106;87;92;84;98;74;81;202;333;359;328;396;392;401;397;350;384;402;484;510;503;507;442;618;580;928;905
Ibiraiaras;483;495;471;597;582;635;635;550;508;634;673;779;935;955;862;894;685;311;135;130;122;206;251;306;461;400;566;512
Ibirapuitã;230;92;104;139;170;160;187;213;159;162;192;198;218;216;235;200;162;161;170;202;202;180;168;183;182;184;159;115
Ibirubá;1417;1638;1990;1912;1832;916;595;964;1201;1228;1216;1603;1566;1761;1415;1206;762;996;847;606;559;479;497;466;371;354;454;420
Igrejinha;11527;12493;14411;13260;13998;15044;14908;16113;16529;18752;18068;18699;19096;23164;34059;35690;37778;39026;38461;41069;41809;44171;50703;52212;47699;45587;48672;47842
Ijuí;;;3;;1;;;1;;3;;;;;;;;;;;0;0;0;;;0;0;0
Ilópolis;269;294;339;377;411;483;480;568;530;560;658;758;775;794;754;707;709;691;634;699;676;683;758;775;835;816;865;955
Imbé;295;333;325;462;426;521;539;481;569;605;537;487;466;455;464;466;488;440;499;615;614;712;727;526;384;446;413;367
Imigrante;2791;1734;2223;2457;2323;3018;3506;3676;3904;4394;3758;3260;4966;6187;6748;7138;9076;9426;7845;13251;14405;14145;20348;17449;14140;16259;18453;18655
Independência;66;86;120;133;180;177;177;233;390;520;551;566;663;726;685;790;934;970;795;888;918;950;981;1028;834;892;983;1111
Inhacorá;;;11;2;;;;;10;12;18;20;20;9;11;11;12;11;6;10;6;4;4;1;1;1;2;2
Ipê;417;413;435;447;505;455;614;840;872;912;841;721;856;818;815;812;892;656;689;633;578;548;645;1393;2130;2074;2039;2032
Ipiranga do Sul;150;220;175;194;245;223;221;280;243;307;361;279;325;334;306;314;311;245;235;160;174;175;153;148;158;143;105;106
Iraí;379;367;331;349;332;356;267;230;249;238;243;207;201;179;161;146;153;138;115;132;126;123;206;221;243;221;226;241
Itaara;;;;;;;799;2074;1102;1064;1104;1174;1308;1459;1561;1858;1609;1491;1498;2111;1615;1529;1453;1766;1469;1477;1570;1472
Itacurubi;46;99;98;130;147;111;108;75;82;82;57;62;73;102;109;90;54;42;47;46;55;63;66;74;39;23;10;4
Itapuca;;;;;;;;;;;;;;;;;;;;;0;0;0;;;0;0;0
Itaqui;15597;17288;23568;25560;27414;27292;30772;24781;30949;31546;26127;19188;13760;16791;20880;26890;22739;25071;25673;29144;36685;43671;40849;41595;39978;39632;40109;38323
Itati;;;;;;;;;;;482;347;211;170;149;269;180;151;173;177;168;152;240;475;383;440;557;596
Itatiba do Sul;53;60;65;66;72;76;78;79;74;76;85;84;82;99;91;86;95;71;73;89;73;70;70;134;155;201;182;212
Ivorá;;;;;;;;;1;1;;;;;20;36;40;27;29;35;35;43;33;50;75;69;59;51
Ivoti;20072;20353;17547;16338;14160;18410;18349;16386;18896;20737;19109;20002;21112;22150;24242;25300;23498;22462;20754;21933;22860;24102;25906;25836;23643;23655;23785;25886
Jacutinga;222;311;257;280;292;267;447;661;724;818;757;803;989;1319;1296;1160;1042;798;881;1301;1200;1087;1110;588;1091;1022;994;773
Jaguarão;1852;1523;1799;1655;1751;1452;1439;1376;1263;1766;1235;1249;1391;1612;1616;1392;1692;1641;1487;1261;1238;590;1211;1513;1713;1904;1742;1428
Jaguari;1281;1632;1636;1943;1410;1272;1472;1300;1481;1630;1500;1477;1315;1324;1538;1571;1589;1540;1524;1368;2017;1421;1081;1112;1073;1123;972;1002
Jaquirana;1008;927;1075;1268;1477;1555;1720;2044;2331;2308;2089;1979;2145;2113;1673;1359;1255;1320;1251;1211;1344;1268;1347;1400;1424;1500;1519;1509
Jari;;;;;;;;;;;1;0;;;0;0;;;;;0;0;0;;;0;0;0
Jóia;342;538;656;758;717;560;698;908;835;733;1275;841;822;525;413;399;433;199;187;215;228;186;218;256;227;216;202;228
Júlio de Castilhos;1863;2863;3384;3557;4159;5271;2647;5641;4885;4290;4616;5526;7385;8385;8744;8816;9360;2166;3406;963;2048;825;2114;3541;4315;3699;1472;2689
Lagoa Bonita do Sul;;;;;;;;;;;;;;;;0;1;0;1;1;1;1;2;2;2;2;4;2
Lagoa dos Três Cantos;;;97;130;150;161;167;169;165;182;214;172;189;195;203;253;192;214;236;259;215;26;62;79;83;90;87;88
Lagoa Vermelha;4709;4905;5819;7220;7443;7146;7504;6841;7206;8243;9193;9041;9025;10572;10568;11544;13372;14513;13639;16643;18278;20015;22020;21535;18831;18466;18554;19387
Lagoão;;;;;;;4;;;;;;;;;;;;;;0;0;0;;;0;0;0
Lajeado;43723;36323;38323;43268;51107;60729;62877;68959;72642;80100;81309;83405;85847;86531;85231;88353;90908;99038;88835;100222;111426;116809;112970;116557;114183;116663;119575;120377
Lajeado do Bugre;;;6;12;9;;20;23;10;;;;;;;;;;;;0;0;0;;5;114;209;238
Lavras do Sul;113;67;87;100;75;52;91;83;116;106;91;115;89;87;62;56;69;79;78;82;157;65;50;56;47;42;35;29
Liberato Salzano;165;126;123;122;119;121;119;160;154;175;206;188;191;191;307;294;284;298;325;291;341;374;841;749;736;922;1024;1194
Lindolfo Collor;;;5295;5541;5107;5311;5091;6278;7070;7494;7460;7936;8504;10908;12186;14399;14506;14067;12346;12951;11991;12137;14080;15916;13192;13883;14576;14977
Linha Nova;;;44;63;77;66;109;44;37;50;43;46;56;64;62;63;115;174;216;256;275;314;347;357;314;232;215;190
Maçambará;;;;;;;;21;8;11;12;15;115;164;210;163;153;383;1079;856;1331;1187;1388;1422;1521;1185;1267;1702
Machadinho;205;227;140;133;120;131;156;164;165;176;218;180;190;159;171;186;235;140;91;99;81;81;96;89;87;88;81;90
Mampituba;;;;;;;10;9;19;15;16;20;15;12;17;9;3;0;;;0;0;6;58;67;73;70;73
Manoel Viana;;;242;260;325;311;409;352;429;482;511;452;446;394;457;420;374;319;394;320;521;351;452;463;201;152;112;116
Maquiné;;;589;717;798;836;874;1147;987;1151;905;775;785;765;1148;3871;4992;1938;3715;2865;1505;1131;879;945;895;843;1015;1143
Maratá;;;373;406;361;426;360;331;459;543;648;719;741;736;715;796;839;829;819;993;880;733;645;631;578;474;314;381
Marau;22321;26736;24822;23866;31397;39612;49737;58034;68940;68480;71334;72196;83296;88486;100930;102501;110944;111657;106515;108787;108628;111140;120210;121784;111114;108171;109684;109340
Marcelino Ramos;886;1003;1034;1033;1066;1178;1080;1403;1613;1210;988;1091;1664;2046;2163;2116;2121;2498;2537;2629;2531;2484;2459;2712;2719;2631;2677;2669
Mariana Pimentel;;;54;77;75;79;73;84;120;90;103;111;125;104;123;117;123;112;110;109;145;120;144;136;132;122;128;66
Mariano Moro;127;57;70;61;64;67;76;71;69;50;42;39;36;30;39;41;53;63;55;49;48;39;39;43;36;18;21;23
Mata;165;204;212;274;276;299;201;208;279;284;298;313;293;318;427;417;559;985;772;630;1207;1334;1360;1372;2416;3047;3263;3912
Mato Leitão;;;1063;1301;1440;1652;1632;1630;1842;2286;2384;2594;2757;2763;2602;2271;2886;3524;3848;3637;4217;3177;2604;2692;2732;3083;3210;3283
Maximiliano de Almeida;327;211;220;195;213;299;290;1491;10133;17107;19642;3696;347;261;220;221;263;241;241;249;279;245;242;239;236;233;197;204
Minas do Leão;;;4738;4401;3780;3094;2761;2208;2165;2423;1986;1381;1043;1026;1249;1566;2400;3236;2812;2599;1930;2214;2988;4731;4469;3995;1059;983
Miraguaí;19;21;22;20;31;33;29;31;25;18;16;171;228;276;565;661;967;1181;1395;3911;4774;5431;6852;7633;8504;8365;9462;9703
Montauri;33;30;34;33;35;44;40;50;58;178;157;304;382;410;494;450;500;1392;1832;2034;2059;2087;2309;2575;2914;2752;2949;2537
Monte Alegre dos Campos;;;;;;;15;45;42;32;24;18;17;20;32;23;19;23;35;29;16;1749;244;44;36;32;31;104
Monte Belo do Sul;;;27;24;41;36;36;56;56;54;67;104;172;110;109;116;4323;7372;6919;179;7176;7537;7837;6516;4753;4039;3717;3643
Montenegro;37918;38496;39660;41517;43777;43229;42115;44919;51779;58409;69839;83197;83649;91404;93401;95230;101841;106387;134239;186977;176556;234186;251171;263969;255355;241436;243568;256427
Mormaço;;;104;140;175;158;128;210;202;210;282;235;237;201;198;211;215;238;207;259;299;10;7;8;9;197;212;220
Morrinhos do Sul;;;56;61;64;69;87;81;78;78;77;76;73;79;75;76;86;59;43;49;49;52;55;57;48;39;46;38
Morro Redondo;890;564;680;850;960;797;670;1673;2206;2811;3256;3326;2970;3212;3101;3285;3223;3445;3155;3306;3442;3529;3386;3862;3824;1322;1145;956
Morro Reuter;;;1443;1725;1937;2323;2689;2887;3679;4655;4380;4304;4607;5173;6115;6420;7132;7804;7275;7831;8130;8670;8946;9736;9224;9201;10272;10076
Mostardas;1727;1901;1722;1974;1806;1989;1817;1566;1886;2915;2008;1776;2152;2763;2534;2093;2435;2563;2508;2089;2742;2459;2776;3273;2708;2533;2980;2750
Muçum;6567;6214;7039;6783;7767;8283;5374;2872;2969;3882;3329;3114;3527;4431;5046;7231;8420;7506;6523;7656;7416;7848;8127;8439;7525;7943;9085;8883
Muitos Capões;;;;;;;148;225;69;62;345;455;831;470;617;400;832;679;487;744;1091;331;876;2938;5557;7047;9290;10506
Muliterno;;;;;;;;;;;;;;0;0;0;;;;;0;0;0;;;0;0;0
NãoMeToque;2085;2786;3547;4145;3848;4168;5131;5507;5275;6149;6977;7994;9704;10437;7500;8250;11252;14362;12834;16582;18740;20326;21977;20575;15519;13492;14396;15096
Nonoai;625;695;706;733;812;866;885;1213;931;771;858;664;876;825;777;879;1015;922;934;938;979;880;976;1157;1172;1067;1231;1075
Nova Alvorada;;;12;3;21;14;20;19;11;7;5;5;5;5;8;6;4;7;9;4;5;6;6;6;8;7;11;94
Nova Araçá;1218;1253;1693;1847;2089;2829;1615;1710;2052;2550;3562;6120;5658;6432;7230;11587;16227;19271;16520;20025;21110;18281;19944;21502;22534;26567;25947;23234
Nova Bassano;7751;6027;5852;6697;7825;8014;9598;10712;10738;13683;16324;18766;18193;20565;21435;21769;24246;25313;20619;22237;22785;20450;23924;26383;22421;18298;17627;19091
Nova Boa Vista;;;68;135;130;155;226;297;357;441;422;355;374;387;360;390;478;375;362;503;604;640;811;952;1067;1378;1861;2234
Nova Bréscia;113;75;113;226;174;72;79;80;105;114;115;114;107;117;126;132;130;223;268;379;482;629;654;757;812;896;874;974
Nova Candelária;;;;;;;147;196;183;121;30;49;90;110;120;124;132;190;705;923;1165;1563;1780;1779;1968;2119;2377;2257
Nova Esperança do Sul;1543;1772;2088;2244;2177;2433;3311;4557;5548;6011;7656;9684;10335;9968;8622;6572;7550;6889;6619;6703;7255;7282;7458;7162;7249;8411;9389;9600
Nova Hartz;5866;6722;8539;8922;8292;9265;9465;9089;10019;11014;10788;10649;11451;11534;11588;12386;13825;14513;15525;17547;17033;15386;16380;16820;15213;14698;14291;13694
Nova Pádua;;;89;95;107;110;121;143;195;311;263;244;265;327;237;238;230;267;163;186;301;351;405;422;365;344;439;346
Nova Palma;;;;;;;;;;;;;;;;;;;;;0;0;0;;;0;0;0
Nova Petrópolis;9224;9731;5754;6052;6577;7092;7769;9583;11231;12237;12247;11569;13692;15584;15552;16041;18247;19806;19607;21422;21091;21104;23004;25701;26118;27071;25498;24431
Nova Prata;13078;11493;13884;18675;23236;27494;30494;36157;45789;51064;56358;62558;70916;86531;85678;90636;96364;105639;73863;61008;19032;17812;16424;17228;17672;15408;16153;14880
Nova Roma do Sul;377;380;372;404;487;598;930;754;718;657;915;1001;1037;1689;2147;13574;16992;5967;4089;4858;4788;4768;5423;5396;4581;3843;4977;5077
Nova Santa Rita;;;36331;36566;39903;42697;44317;45820;45340;49736;51026;50885;53528;50476;30298;19403;20694;22981;20268;22760;22922;69287;65712;66369;59337;46681;42243;40255
Novo Barreiro;;;97;171;160;166;157;162;140;135;108;86;116;570;309;320;126;109;90;135;150;153;166;157;131;146;138;184
Novo Cabrais;;;;;;;;2;148;81;;;;;;;;;;;0;0;0;;;0;0;23
Novo Hamburgo;152746;162703;185262;190701;179294;183108;188594;174010;190627;208379;209519;208250;213535;221832;212778;209651;220022;216716;190649;208782;206688;200834;193009;187497;165384;160088;160383;157246
Novo Machado;;;27;34;32;37;37;51;52;48;37;27;31;38;34;33;36;36;35;41;33;23;21;20;17;17;19;20
Novo Xingu;;;;;;;;;;;5;10;20;19;3;5;9;9;10;19;27;18;17;10;9;15;8;6
Osório;13651;13148;12842;13906;15106;15925;15158;16014;19897;23404;23270;22634;22525;25370;25026;26370;28996;33219;35677;36340;35220;33032;36939;11932;12358;12226;7274;7576
Paim Filho;136;247;172;162;158;174;168;199;188;252;280;254;262;242;160;167;164;138;128;127;119;114;89;140;204;136;157;88
Palmares do Sul;3493;3730;4050;5016;5888;5768;4892;3819;4436;4655;3690;3678;4180;5153;4822;4608;4868;5506;5889;6327;6396;5261;5432;7129;5707;4581;5189;4625
Palmeira das Missões;3377;2640;2358;2285;2623;2618;2610;2851;2715;3079;3032;2867;3270;3210;2638;2303;1932;3481;5924;5830;5699;4816;5172;5172;4146;3726;4022;4245
Palmitinho;117;149;99;229;298;308;301;322;257;310;344;385;383;407;438;475;468;537;591;714;589;635;614;500;625;667;681;679
Panambi;;;;;;;;;;;;;;;;;;;;;0;0;0;;;0;0;0
Pantano Grande;5352;6081;6727;7092;5042;5573;6121;6402;6494;7221;6372;6883;7272;6488;6200;6585;7007;8251;8532;9467;10616;11317;11944;11494;10612;10544;8048;8501
Paraí;1704;2017;2339;2668;3068;3377;4020;4992;5824;6316;7359;8278;9932;10404;10014;10046;10969;10958;10311;10222;10928;10478;11106;11383;11171;11337;11243;11125
Paraíso do Sul;29;36;24;;186;363;310;318;355;381;367;366;294;300;235;233;103;30;29;22;19;21;20;24;23;24;25;19
Pareci Novo;;;170;186;192;261;319;305;337;393;388;365;418;450;417;354;335;372;333;348;372;454;482;848;1264;1710;1898;1648
Parobé;20873;21786;26145;26634;29714;34498;38565;42442;47557;51870;52414;46204;46064;52642;49131;41631;42668;37728;31154;34399;34552;29757;32151;33109;30717;27951;28614;31385
Passa Sete;;;;;;;9;10;14;15;21;18;22;25;26;24;22;24;25;29;35;32;28;18;7;6;5;5
Passo do Sobrado;;;260;330;579;696;946;897;563;558;563;245;620;634;591;594;625;613;650;787;917;1113;1147;1513;1365;1208;1202;467
Passo Fundo;50642;50468;55580;62260;64009;66024;62398;62469;61543;71977;79584;92621;101418;109677;98368;96064;104131;109462;98144;107915;131718;115898;133675;127061;113327;108274;109556;106440
Paulo Bento;;;;;;;;;;;5477;5770;6580;7667;7755;7788;8294;8689;8095;7942;9021;8788;9259;9724;11766;15691;18885;17461
Paverama;573;936;1032;1144;929;1094;699;916;1280;1622;2285;2522;2167;2618;1239;942;1391;1503;1302;3333;5091;5498;6332;5127;3252;4846;4690;3689
Pedras Altas;;;;;;;;;;;;;;;;15;26;36;36;53;59;68;53;211;57;56;52;49
Pedro Osório;1275;1259;1317;1082;1078;1228;630;325;431;416;375;243;182;223;242;509;270;525;612;683;784;772;751;708;705;809;566;584
Pejuçara;836;863;895;956;1029;890;934;959;762;632;724;809;775;716;689;725;730;681;731;705;553;140;191;120;118;112;124;115
Pelotas;92846;79945;81601;78147;80033;78390;80595;81528;86049;95993;99150;102023;98475;103364;105866;113369;120343;127091;122892;124487;136095;133541;130838;130697;130332;92690;49158;50382
Picada Café;;;5065;5702;5979;6080;5498;6009;6635;7262;5817;5274;5685;7056;7818;8861;9648;11073;10375;11086;10974;10946;11492;10017;8060;7775;7138;7308
Pinhal da Serra;;;;;;;;;;;27;29;33;24;14;15;18;10;11;571;1897;8;8;9;9;17;27;52
Pinhal Grande;;;97;129;105;136;138;162;153;193;266;194;280;248;201;223;119;114;97;81;70;57;59;64;72;71;87;101
Pinheirinho do Vale;;;19;26;99;105;139;154;158;161;181;222;226;233;214;245;301;321;361;392;434;434;451;413;433;384;367;362
Pinheiro Machado;55013;43530;43208;48849;55179;46302;45543;48260;51819;42732;31142;34942;29047;29008;23986;12020;26040;56289;56623;56567;60992;59070;58379;4820;300;500;121;96
Pinto Bandeira;;;;;;;;;;;;;;;;;;;;;;;371;499;672;867;1111;1060
Pirapó;45;51;59;60;62;54;51;61;50;55;59;60;58;52;53;42;9;6;4;5;3;3;1;;;0;6;8
Piratini;283;731;999;977;1063;1270;1494;1928;2157;2563;2468;2272;2725;2276;2912;2637;2468;2418;2170;2147;2219;2538;2525;2578;2278;2408;2629;3057
Planalto;673;659;732;1044;631;795;775;856;965;984;1085;1140;1255;1288;1212;1371;1424;1611;1580;1565;1849;1990;1984;1803;1500;1498;1664;2234
Poço das Antas;;;;;;;;;;;;;;;;;;;;;0;0;0;;;0;0;0
Ponte Preta;;;20;24;29;31;28;24;26;25;24;26;28;31;380;674;665;794;1082;986;752;599;393;97;104;105;111;417
Portão;21620;20541;22627;24049;24219;25008;26110;26677;28328;32806;34788;37242;37723;38528;38088;45716;56431;53199;49427;52065;55421;52587;54585;53743;49171;47660;48522;49964
Porto Alegre;351542;323781;342103;341913;350048;340206;345179;354723;344511;347897;367862;351988;336415;356098;351042;338161;325195;364686;350136;362876;370918;361124;308334;290740;259632;199897;152235;141880
Porto Lucena;120;127;132;121;170;186;177;186;152;159;145;135;131;106;60;71;67;56;43;46;53;43;37;38;38;35;29;16
Porto Mauá;;;31;43;56;53;55;47;51;45;46;49;50;52;47;48;53;40;25;31;24;6;7;7;5;5;4;4
Porto Vera Cruz;;;15;;;2;18;12;2;5;5;3;4;6;6;6;5;1;1;0;1;0;0;1;1;1;1;1
Porto Xavier;322;410;427;413;339;383;381;473;479;422;426;488;484;425;394;393;498;361;340;360;497;241;283;321;327;263;267;267
Presidente Lucena;;;829;817;822;946;925;1136;1160;1302;1253;1321;1436;1451;2852;3626;3738;4609;4222;4367;5219;6352;7380;8415;9171;10198;11933;11923
Protásio Alves;291;348;438;368;297;313;416;453;689;818;753;631;705;758;643;669;793;209;44;112;421;522;654;672;800;725;525;527
Putinga;;;;;;;;;;;;;;;;;;;;;0;0;357;1589;1928;1647;2013;833
Quaraí;1034;628;614;565;554;414;426;569;705;1415;3926;716;650;820;433;421;402;401;359;226;296;273;400;462;547;559;440;457
Quatro Irmãos;;;;;;;;;;;233;273;261;199;118;137;169;161;186;215;205;160;162;200;173;150;108;125
Quevedos;;;47;44;24;29;46;26;59;45;41;43;68;60;61;44;83;154;145;161;187;160;100;82;95;109;89;98
Quinze de Novembro;180;201;178;207;202;236;236;190;149;186;215;205;199;246;309;260;181;208;267;238;190;224;197;302;186;95;78;96
Redentora;223;242;260;230;201;187;193;180;188;209;211;187;194;178;183;215;253;279;278;267;284;36;13;15;13;17;18;18
Relvado;31;24;31;28;39;49;41;29;40;38;51;57;54;58;62;102;133;146;119;146;169;176;186;186;182;160;186;170
Restinga Sêca;16;16;22;34;63;62;55;32;47;90;54;17;15;;;1;1;0;;;0;0;0;;;0;0;0
Rio dos Índios;;;6;;;;;16;21;19;22;21;19;16;18;17;16;11;8;8;7;9;4;1;28;28;22;21
Rio Grande;116187;154655;165874;174186;173362;143414;150087;160775;140788;160827;160680;160594;182503;145398;126925;88394;88579;93326;84656;90671;104996;115906;98819;97692;79590;67493;68827;70410
Rio Pardo;6670;6715;6770;7392;8212;9208;9350;9317;8573;11747;10119;8518;7734;8768;10616;9269;10315;12048;14055;14856;14743;14835;15940;15918;13547;12896;13767;16212
Riozinho;1421;1491;1754;1897;2078;2203;2209;2065;2335;2540;2590;2982;2787;3206;2814;2703;2940;3165;3109;3438;3624;3591;3807;3588;3392;3231;3230;3261
Roca Sales;9290;6707;7327;7109;5535;6090;6454;8536;9811;10890;11601;11429;13612;16293;17689;18955;19017;18449;18551;20095;9676;13211;12522;12350;12785;14555;14617;14412
Rolador;;;;;;;;;;;;;;;;0;1;0;;;0;0;0;;;0;0;0
Rolante;5378;5927;6532;6577;6798;7257;7715;8096;8740;9323;7540;7134;7431;7258;6915;6699;8130;8502;8082;8935;9323;9326;10490;10572;9600;9440;9475;9910
Ronda Alta;423;456;451;392;376;395;430;577;491;435;588;597;636;519;592;667;801;764;813;703;587;249;229;209;198;190;159;138
Rondinha;161;130;135;123;172;121;128;171;182;278;225;153;149;166;392;466;512;629;353;230;220;174;164;286;561;1070;1018;944
Roque Gonzales;234;198;227;225;336;254;1102;813;814;386;256;237;245;273;296;318;396;1319;3340;2508;2023;221;165;185;180;119;113;126
Rosário do Sul;4082;5499;5677;4419;4839;4735;5130;3685;4603;4917;4720;3588;2846;3553;3977;4023;5476;7993;8201;8290;8888;5894;5674;6232;5960;5548;5421;4910
Sagrada Família;;;32;46;30;32;27;38;25;34;39;35;36;49;42;47;63;90;40;40;43;28;25;12;37;58;56;45
Saldanha Marinho;179;145;171;191;310;337;279;314;314;257;352;262;361;320;337;417;441;431;458;424;426;352;393;389;294;268;264;281
Salto do Jacuí;415;537;598;559;535;577;597;780;617;722;883;794;837;822;1329;1273;1108;1015;695;460;176;181;172;163;185;155;163;291
Salvador das Missões;;;198;513;808;742;715;661;554;679;866;867;1028;1061;1013;968;866;985;1141;1195;1392;1570;1552;1550;1659;1973;1468;1125
Salvador do Sul;495;264;47;46;54;50;91;106;155;169;192;191;22;23;29;41;46;49;44;41;41;36;39;50;60;61;62;60
Sananduva;3222;3565;3603;3801;4012;4466;5001;5414;5258;5775;6056;6185;6712;6996;7414;7598;7759;8252;8403;8866;8536;7932;8492;9625;10135;9693;10185;10412
Santa Bárbara do Sul;804;966;1052;1095;1093;1182;1162;1440;1172;1396;1580;1405;1556;1505;1202;1003;881;692;645;696;676;609;656;532;550;597;596;680
Santa Clara do Sul;;;;;;;;;;;;;;;;;;;;;0;0;0;;;0;0;0
Santa Cruz do Sul;78597;106500;115899;101012;96623;102728;158546;122146;133523;154354;133541;144446;142599;173471;171227;153944;148189;143729;141134;134743;140976;139470;141538;150206;136621;122121;139250;142998
Santa Margarida do Sul;;;;;;;;;;;;28;267;299;429;422;968;630;405;722;1012;1247;1016;1139;776;853;758;797
Santa Maria;20345;20621;20884;21651;24250;25971;26312;27150;28135;29454;29484;32233;32436;32454;34616;39477;40085;42077;44810;46888;48975;49648;52671;56607;54808;56173;59949;61860
Santa Maria do Herval;1119;1157;1400;1409;1747;1862;2212;2195;2737;2906;3414;3849;4342;4563;4707;4445;4061;3913;4378;5062;4841;5107;5322;5449;5747;5802;5770;5594
Santa Rosa;27271;26411;28178;30645;30010;29979;29683;32133;34338;37983;45194;44461;37711;48214;50468;56004;64125;75125;67455;58284;82952;80964;88226;78660;73230;74945;85510;85272
Santa Tereza;;;104;187;514;410;453;434;531;625;816;1114;1178;1217;952;698;536;594;576;911;772;659;745;344;379;414;316;201
Santa Vitória do Palmar;2760;2948;4237;4389;3329;3701;3518;2522;2720;2869;2628;1868;2201;2945;2926;2152;1957;17859;1261;958;1043;734;431;880;681;808;1035;1842
Santana da Boa Vista;74;64;68;55;42;27;22;12;17;16;12;12;24;13;19;21;20;14;7;7;8;170;165;259;110;81;87;92
Santana do Livramento;20941;24839;22322;12634;15142;4810;5982;8881;19985;17122;10161;6210;3047;2468;2639;2582;2338;2732;2250;2654;2426;2114;2254;2825;2851;2508;2896;1707
Santiago;2983;2111;2253;2461;2647;2741;3109;2869;2561;3198;3103;2962;2273;2557;2591;2505;2125;2015;1716;1813;1903;1954;1906;1763;1584;1896;2106;1831
Santo Ângelo;18071;17866;20739;22978;19796;21890;24970;20378;19088;21696;28437;36323;44250;47232;43222;42356;51365;55573;46887;64769;73433;57502;73879;70704;58277;62354;70795;86460
Santo Antônio da Patrulha;9218;7721;7628;8599;7747;7567;8710;8935;10536;11626;11640;11861;10685;11637;12346;13004;14394;5371;19386;22041;28525;30621;36879;37990;36298;34422;27583;24277
Santo Antônio das Missões;928;29;44;16;32;19;26;17;24;36;10;;;57;75;66;72;69;72;73;88;76;98;101;99;73;81;63
Santo Antônio do Palma;;;42;57;133;125;125;158;156;172;161;167;182;234;268;237;268;302;287;339;554;675;686;642;539;716;822;777
Santo Augusto;1729;2248;2276;2260;2053;1706;1646;1853;1239;1429;1758;1638;2134;1770;1656;1335;1426;1453;1442;1948;1722;1328;1613;2383;2413;2325;2483;2523
Santo Cristo;725;786;822;841;957;1098;1175;1971;1443;1643;1702;1702;1917;1864;2058;2030;1914;2046;2147;2252;2497;2495;3116;2785;2493;2447;2478;2694
Santo Expedito do Sul;;;;;;;;;;;;;;;;;;;;;0;0;0;;;0;0;0
São Borja;12308;15620;16927;17289;19970;20221;20838;17373;19675;22707;22490;25118;22161;27745;34579;34812;36619;40305;41937;42052;43893;43879;45888;44544;40879;35926;36790;38165
São Domingos do Sul;68;67;84;92;112;104;111;102;129;144;153;160;184;153;149;162;174;159;148;163;168;154;155;149;176;649;1188;1653
São Francisco de Assis;939;1087;949;831;728;944;868;1074;992;929;877;949;928;1096;750;930;605;506;321;151;259;147;73;34;24;25;25;27
São Francisco de Paula;5153;3953;5038;5420;5292;5275;6266;6704;5866;5597;5482;6447;6697;8829;8151;5387;3881;4519;5230;4506;4794;4488;4627;5140;4888;4608;4308;4619
São Gabriel;6887;6852;6250;7643;9855;7320;5518;4755;5382;6080;5503;6055;6229;7575;9205;9761;8439;9229;13005;13775;15262;13716;12203;15059;16821;16912;18520;20693
São Jerônimo;3976;892;859;747;834;943;971;1090;1330;1958;1747;2020;2064;2183;2638;3582;4212;2303;5181;6046;7777;9099;9615;10789;10967;11096;11387;10906
São João da Urtiga;116;101;98;333;347;396;210;126;58;80;92;116;159;149;142;122;133;134;147;162;191;199;223;201;181;192;239;183
São João do Polêsine;;;;;;;;;;;;;;;;;;;;;0;0;0;;;0;0;0
São Jorge;219;286;303;366;355;323;620;541;141;397;731;719;882;993;1081;1142;1292;1120;889;924;880;851;847;918;877;984;1027;1174
São José das Missões;;;12;22;55;36;32;32;38;48;48;46;41;38;33;33;37;51;44;34;34;33;41;43;41;30;24;24
São José do Hortêncio;1324;1463;2070;2515;2691;3053;3298;3428;4344;4589;4494;4055;3985;4833;5051;5203;4946;4955;4710;5253;5430;5936;6296;5974;4887;4787;4412;4493
São José do Inhacorá;;;26;45;55;67;92;184;231;224;106;128;104;104;108;100;107;129;132;188;315;387;464;393;355;356;418;1695
São José do Norte;1605;1741;1985;1755;1033;155;137;80;216;688;1519;1561;1801;1444;2225;1950;2153;1681;2637;3183;3504;3564;3005;3470;5739;8070;12229;5480
São José do Ouro;458;563;522;559;565;500;539;610;513;548;726;643;782;693;542;678;740;725;594;593;561;275;317;410;358;361;450;459
São José do Sul;;;;;;;;;;;;;153;159;172;182;206;225;213;223;236;244;280;420;623;764;775;849
São José dos Ausentes;;;460;537;542;634;828;869;983;1081;874;699;882;976;943;900;910;593;1495;1039;862;981;779;633;923;971;1041;1281
São Leopoldo;136948;112799;124308;131168;139824;142036;146162;150382;154946;169153;172698;160394;179018;204748;214640;218411;245910;254825;215600;248273;256755;265382;271027;280410;252887;235430;242235;249577
São Lourenço do Sul;9677;10474;11864;11533;10346;11305;10922;7258;6694;7733;7331;6794;6028;6108;5444;5214;5670;5912;6046;6244;6253;5344;5431;6263;6865;6807;6855;7347
São Luiz Gonzaga;4382;4688;5561;5508;6942;6084;7854;11942;9545;6998;11393;13044;11576;7665;7816;8955;9462;11341;11442;12584;13164;18133;21243;15732;14023;13519;18836;21040
São Marcos;8452;8147;10280;11019;13592;14035;14327;15501;16680;18059;17659;16801;18480;19845;21025;22210;24497;25863;22230;26482;30444;31671;33185;32656;32988;32369;32995;34522
São Martinho;371;351;308;331;369;314;369;367;329;381;435;415;496;485;459;528;412;391;384;444;728;501;597;980;562;696;639;703
São Martinho da Serra;;;7;11;31;23;25;21;31;32;33;23;20;38;59;55;73;83;67;65;65;55;56;57;49;58;40;10
São Miguel das Missões;;;;;;;;;;;;;;;;;;;;;0;0;0;;;0;0;0
São Nicolau;108;124;118;134;207;157;189;149;104;117;126;123;128;98;97;109;125;136;114;130;134;56;31;28;28;38;30;25
São Paulo das Missões;84;109;93;95;115;86;115;115;493;184;244;245;219;212;188;175;117;114;105;125;123;103;84;90;83;80;78;81
São Pedro das Missões;;;;;;;;;;;15;11;18;28;26;29;26;22;13;27;24;10;10;11;8;12;11;6
São Pedro do Butiá;;;66;91;83;68;70;48;54;66;78;78;85;124;170;207;256;298;318;337;371;366;210;207;188;192;181;451
São Pedro do Sul;1101;1489;1402;1475;1665;1878;1681;1229;1797;1981;1837;1950;1844;1971;2446;2525;2437;3098;2552;2466;3520;3210;3470;3981;4515;3992;4640;4991
São Sebastião do Caí;5638;6136;7350;7281;8062;7615;7592;7831;8262;8640;10740;10848;11683;13903;16298;16673;18135;18756;24575;26831;29200;31339;36102;39959;40371;38218;37127;38725
São Sepé;3502;2777;3350;3164;3378;3528;3692;3345;3686;3686;3591;4428;4506;4856;5531;6347;5729;6613;6623;5766;7046;6954;7311;7898;8018;7672;7355;7312
São Valentim;71;73;83;89;87;123;394;469;95;90;94;306;183;160;157;146;101;128;204;167;153;129;107;97;91;96;159;158
São Valentim do Sul;;;28;26;51;60;77;91;92;69;80;89;89;207;137;117;21;105;111;125;108;101;176;20;99;102;72;76
São Valério do Sul;;;3;1;;12;23;27;22;28;30;36;32;32;37;37;36;27;17;15;15;13;16;16;16;12;12;12
São Vendelino;36;36;50;56;69;82;112;194;285;710;702;777;1032;1217;1127;1118;1372;1484;1435;1304;1708;2068;2212;1174;1151;1168;1122;1325
São Vicente do Sul;399;468;441;422;431;475;581;443;545;737;543;633;540;716;638;501;507;509;583;538;706;480;377;430;372;308;322;248
Sapiranga;46307;48736;54657;54683;49859;50481;51278;50358;53804;65311;66176;68439;79658;82064;75859;79556;86325;85675;69694;84039;87281;84909;76846;61155;54230;52900;55085;55888
Sapucaia do Sul;308552;291334;314081;340769;346008;367073;356215;403895;415500;398424;435860;449637;446559;459568;373673;389227;385198;403240;320699;384005;389468;445362;414874;404515;380672;365844;366212;392627
Sarandi;4028;3830;3011;2534;2834;4441;5370;6249;6642;7780;8279;10642;11996;12179;12951;14323;15907;15285;15658;17962;17606;17619;17974;18843;19276;19462;20503;20287
Seberi;301;398;386;461;610;868;680;851;441;518;584;552;574;411;491;585;583;779;965;1077;1305;1523;1728;1999;5694;8658;12134;12571
Sede Nova;234;210;237;299;358;326;288;284;236;251;299;257;276;217;208;273;244;198;191;205;142;73;13;13;11;11;12;11
Segredo;45;93;55;57;52;59;78;65;76;62;65;65;65;57;59;64;64;56;46;44;44;50;53;54;49;46;33;31
Selbach;10;11;17;20;13;19;17;18;13;11;11;10;12;11;11;10;10;10;11;15;11;12;9;0;;0;0;0
Senador Salgado Filho;;;;;;;;;;;;;;;;;;;;;0;0;0;;;0;0;0
Sentinela do Sul;;;1951;2818;3123;3868;3912;5422;6777;7690;7470;5175;3622;2987;3350;4276;5430;5673;6846;5228;7208;5787;4805;4556;4782;5561;5829;2309
Serafina Corrêa;9440;9242;10134;10246;11714;12756;14870;17051;15810;16031;18060;19871;24248;27159;29340;31395;31081;36761;37083;37267;42079;40396;43555;41725;41275;41274;39957;39207
Sério;;;;;;;;;;;;;;;;;;;;;0;0;0;;;0;0;0
Sertão;213;339;294;373;436;398;371;451;393;490;744;702;685;453;394;380;370;174;74;89;118;122;119;111;104;106;111;105
Sertão Santana;;;1444;1775;1696;1944;2509;2417;2780;3724;4395;4832;4740;5149;4763;5108;5784;6925;7859;7259;8553;8125;8180;8931;8764;6382;1799;1818
Sete de Setembro;;;;;;;10;61;99;89;61;62;54;61;62;71;87;87;217;352;229;160;171;347;151;204;215;331
Severiano de Almeida;127;106;97;99;99;137;194;241;240;306;288;223;214;244;201;162;175;162;188;192;192;101;96;98;99;89;64;63
Silveira Martins;;;;;;;;;;;;;;;;;;;;;0;0;0;;;0;0;0
Sinimbu;;;282;305;222;139;155;226;271;274;249;214;206;246;204;206;199;207;176;171;192;236;250;271;336;345;327;366
Sobradinho;602;586;613;547;663;649;669;581;566;605;618;662;1148;1493;1356;1317;1365;1318;1061;1174;1141;1150;1232;1328;1366;1469;1405;1234
Soledade;5382;5448;5307;4894;4371;4981;5549;5910;5074;5518;5427;5272;5419;5273;4555;3881;4269;4010;3174;3172;3358;3154;3180;3322;3551;3232;3134;3290
Tabaí;;;;;;;;;;;;;;;;;;;;;0;0;0;;;0;0;0
Tapejara;310;255;45;;;;;;;;;;;1;;;;;;;0;0;0;;;0;0;0
Tapera;3898;4260;4223;4551;4643;4863;5276;4857;4678;3309;4476;5352;6036;7683;6572;7241;6531;6879;6495;6351;5105;2876;1162;1263;1175;1152;1109;1123
Tapes;7265;7896;5359;4842;4474;4757;5392;5436;6563;7250;8615;9778;8640;9091;8380;8033;8292;8868;8519;7430;7463;6400;5575;5561;5309;3481;1354;1651
Taquara;14218;9630;9620;9311;10194;12140;12836;11454;12200;14564;15572;14241;14044;15251;16535;15541;15091;15792;13190;15134;15235;13959;14127;14309;13897;12501;15265;16621
Taquari;25388;15368;29793;35641;38723;43918;44070;38637;39733;44144;42318;40995;39805;45026;16103;13714;12135;11683;10390;6574;6556;60888;68302;75243;67129;77734;73082;72930
Taquaruçu do Sul;88;195;196;87;186;99;120;162;102;152;160;104;130;104;100;116;130;126;107;149;171;116;163;167;193;39;231;238
Tavares;269;23;42;42;57;44;55;142;351;896;909;999;1319;1376;1942;1864;2251;2663;2665;2750;2450;1231;1190;1001;753;544;187;73
Tenente Portela;887;964;1106;1572;1435;1298;1622;2080;1782;2103;1812;1445;1585;1622;1520;1658;1976;1395;860;865;926;932;916;1048;1304;1997;2662;2797
Terra de Areia;362;310;349;399;418;448;593;924;847;995;763;733;777;893;1244;1774;755;528;673;806;937;955;1049;1035;785;834;897;835
Teutônia;;;;;;;;;4;4;4;43;85;50;22;3;4;4;20;27;143;163;375;238;229;264;331;266
Tio Hugo;;;;;;;;;;;;;;;;0;12;;1;1;3;3;0;;;0;0;0
Tiradentes do Sul;;;145;200;184;165;168;179;168;171;319;656;203;186;346;406;119;114;116;285;162;142;338;266;209;251;155;185
Toropi;;;;;;;;;;8;;5;15;12;11;10;9;7;7;7;6;1;3;3;2;2;2;1
Torres;2019;2065;1748;1900;1994;2094;2343;2353;2528;2894;2806;2853;2874;2533;2211;2826;2416;2715;3099;3569;3895;3503;3145;4004;3698;3106;3248;2833
Tramandaí;1132;746;878;1096;1020;970;980;985;1081;1077;875;629;750;752;915;958;1056;952;929;999;1031;946;929;1071;1079;1086;1136;1187
Travesseiro;;;1;;;;;;;;;;;;;;;;;;0;0;0;;;0;0;0
Três Arroios;25;32;48;53;61;56;55;64;61;65;65;67;60;68;87;76;80;98;101;143;161;157;198;241;205;185;185;585
Três Cachoeiras;182;180;226;237;320;417;567;618;634;796;913;1022;962;1146;1312;1249;1544;2291;1561;1979;1410;1359;2527;3903;3970;3944;2894;2527
Três Coroas;10679;12452;13311;12807;12230;13225;13684;13593;15972;19994;19656;19867;21355;25088;26186;27276;30002;31260;32082;36839;35624;33891;32060;30673;25770;26479;26668;25563
Três de Maio;3926;4210;4513;4659;4905;5248;5780;6246;6348;6890;7150;7022;7326;7997;7591;8699;8953;9020;8857;9118;9570;9724;9519;5496;4583;4312;4412;4412
Três Forquilhas;;;115;164;167;144;187;197;193;238;238;159;128;147;167;127;123;155;278;103;107;112;89;92;116;144;84;36
Três Palmeiras;169;176;133;148;147;199;157;215;168;162;209;180;221;197;218;322;493;413;290;316;269;30;95;110;106;150;202;231
Três Passos;9605;11003;14311;14294;14905;14943;13280;15028;17170;20051;20441;21268;22411;19694;16350;3220;18233;19059;17009;1088;17045;15559;16010;17720;18833;20111;20424;18754
Trindade do Sul;153;154;126;152;170;212;180;262;251;261;279;224;266;276;256;261;158;95;196;323;414;475;486;502;420;629;735;657
Triunfo;542753;667520;726561;782614;855141;830350;892705;974531;1056199;1268577;1104754;1098194;630053;491314;146190;22292;20985;66115;37682;56413;62219;64200;59825;44670;24485;19952;5485;5361
Tucunduva;1039;1257;1229;1294;1367;1263;1282;1390;1308;1274;1337;1313;1585;1216;939;863;628;535;461;445;470;368;220;190;519;389;423;435
Tunas;;;;;;;;;;;;;;;;;;;;;0;0;0;;;0;0;0
Tupanci do Sul;;;47;58;53;48;70;69;47;61;86;67;68;57;43;111;118;20;7;6;4;4;18;39;23;28;23;29
Tupanciretã;1708;1138;1272;1538;1767;2611;3404;4165;4511;4439;4836;3452;4855;5668;5545;4706;4967;5138;5162;5361;5778;4729;4555;4417;2876;1006;933;778
Tupandi;355;218;408;467;468;542;575;690;916;1413;1820;2417;3020;4651;4615;5752;7368;8190;10242;14476;20885;23081;29773;29430;28289;26481;28984;27918
Tuparendi;665;756;935;1105;1125;1132;1077;1077;1045;1045;1140;959;1158;1088;889;817;685;696;545;655;642;676;541;633;522;502;426;443
Turuçu;;;;;;;1101;4506;4672;5754;5716;5941;5957;5333;5300;4117;5490;612;73;59;61;74;102;514;442;153;112;79
Ubiretama;;;;;;;;;4;5;7;6;7;6;6;4;6;5;4;2;1;1;1;1;1;1;1;1
União da Serra;;;23;25;34;39;38;44;41;46;36;44;60;50;61;157;260;218;187;250;221;209;250;273;273;490;475;453
Unistalda;;;;;;;28;39;49;49;55;69;63;46;65;48;71;66;15;3;3;3;3;3;3;3;3;0
Uruguaiana;25596;25547;24860;24627;23947;20765;20164;14553;17923;18915;15156;14164;13851;20811;22877;26003;24883;25811;23490;22952;25705;19652;16461;14523;14404;14051;15316;15040
Vacaria;10706;9327;10078;9208;10073;11430;12846;11000;11575;14422;16243;16724;18300;19730;19871;18820;23683;25137;21800;27306;28453;25148;30937;34363;32135;31131;35386;37604
Vale do Sol;;;53;86;96;111;117;120;203;133;116;136;260;221;157;183;225;179;106;110;119;105;100;119;113;106;99;71
Vale Real;;;1937;2417;2252;2246;2654;2501;2432;2870;2889;2946;3466;3786;3712;3966;3520;3582;3422;3403;3465;4154;5577;6501;6628;7788;4735;5874
Vanini;25;33;47;50;74;86;91;93;82;111;100;125;172;227;218;201;197;192;144;136;111;96;161;184;179;160;735;995
Venâncio Aires;22856;39038;43466;38863;37200;44902;73107;61837;65325;84052;72569;71850;71531;80135;76908;68578;73765;71667;65658;64097;72396;72509;81140;84223;76668;74334;84342;85540
Vera Cruz;7644;13043;15016;12789;11589;7620;13210;9445;10956;9360;7497;9873;9725;9349;9591;9046;9636;6761;7733;8688;8617;8132;6253;5702;5376;3563;5015;4887
Veranópolis;12969;13604;14883;16438;17299;19014;21533;21259;22917;25366;26197;32563;41329;40751;35759;31236;34913;39446;35460;35113;44359;44192;51772;51426;54900;55890;56994;59932
Vespasiano Correa;;;;;;;98;138;163;196;299;351;446;452;435;391;207;100;68;106;129;215;194;181;139;77;86;118
Viadutos;92;101;123;134;176;188;200;232;225;247;228;216;192;167;157;161;177;196;156;169;147;142;178;226;242;241;246;247
Viamão;5468;5435;6260;6472;7386;7839;7050;14905;28397;33914;35467;48852;55561;58755;35239;36159;36176;36537;38106;39688;35866;34864;28244;34707;28810;20524;9938;10071
Vicente Dutra;270;71;77;81;70;52;45;53;61;54;59;61;64;60;53;60;60;67;72;72;67;49;47;40;40;31;35;29
Victor Graeff;166;241;218;200;261;266;262;281;300;308;385;311;408;378;415;425;415;437;474;447;293;51;55;56;42;41;41;30
Vila Flores;1327;1545;1657;1773;2579;2561;2973;3072;3700;4084;4704;5301;5583;6382;6612;7150;7667;9169;8315;9762;10667;11040;12284;13542;12189;11006;9935;10436
Vila Maria;580;780;671;867;891;824;1104;937;606;956;1188;1239;1502;1868;2435;2960;3043;3100;3379;3571;4241;4853;4736;3914;3633;3713;3391;3557
Vila Nova do Sul;;;;;;;;;5;8;1;14;5;;;;;;;;0;0;0;;;0;0;0
Vista Alegre;46;40;30;31;28;32;32;32;51;80;63;59;62;54;51;50;41;71;58;57;35;26;26;41;39;34;46;320
Vista Alegre do Prata;57;44;45;43;37;25;32;40;32;30;25;28;61;64;45;48;49;34;42;99;55;43;51;47;33;25;26;32
Vista Gaúcha;20;147;267;307;266;220;214;201;164;129;146;186;215;249;236;294;278;276;207;200;228;259;292;292;292;283;397;343
Vitória das Missões;;;11;;;;;;;;;;;;;;;;;;0;0;0;;;0;0;0
Xangrilá;;;204;313;319;347;440;514;625;928;1054;1373;1513;1499;1558;1698;1940;2120;2373;2439;2512;2123;1048;1299;722;607;619;658
