variavel: Rural;;;;;;;;;;;;;;;;;;;;;;;;;;;;;;;
caminho: /Energia Elétrica/Consumo/Rural;;;;;;;;;;;;;;;;;;;;;;;;;;;;;;;
fonte: Distribuidoras de Energia Elétrica do Rio Grande do Sul.;;;;;;;;;;;;;;;;;;;;;;;;;;;;;;;
agrupador: Município;;;;;;;;;;;;;;;;;;;;;;;;;;;;;;;
descricao: ;;;;;;;;;;;;;;;;;;;;;;;;;;;;;;;
Unidades;MWh;;;;;;;;;;;;;;;;;;;;;;;;;;;;;;
Município;ibge;latitude;longitude;1991;1992;1993;1994;1995;1996;1997;1998;1999;2000;2001;2002;2003;2004;2005;2006;2007;2008;2009;2010;2011;2012;2013;2014;2015;2016;2017;2018
Água Santa;4300059;-28,1672;-52,031;12;12;19;83;102;105;129;131;142;177;191;325;218;243;230;251;277;277;291;293;298;310;295;286;277;279;282;265
Agudo;4300109;-29,6447;-53,2515;9.614;8.789;9.013;9.534;10.668;10.021;12.662;10.694;13.410;13.797;12.319;13.874;13.104;14.227;14.726;15.274;14.907;15.795;16.393;15.735;18.353;19.236;17.637;19.761;17.029;16.795;18.777;20.233
Ajuricaba;4300208;-28,2342;-53,7757;1;...;9;10;19;20;265;12;17;19;21;24;28;30;30;26;28;28;32;29;33;36;38;46;41;42;48;51
Alecrim;4300307;-27,6579;-54,7649;295;299;333;335;327;349;391;421;438;468;471;509;475;503;517;530;532;559;578;578;609;630;619;648;613;617;629;643
Alegrete;4300406;-29,7902;-55,7949;34.574;37.389;39.972;42.217;41.903;33.989;31.420;28.820;39.889;47.987;34.520;40.920;46.923;68.639;72.438;79.778;62.543;81.956;77.900;84.057;91.177;90.068;94.027;93.073;82.586;83.094;84.514;88.649
Alegria;4300455;-27,8345;-54,0557;472;509;523;563;568;600;627;676;703;735;734;743;666;688;717;764;807;817;847;864;839;870;881;897;879;901;906;920
Alpestre;4300505;-27,2502;-53,0341;3.152;2.486;2.509;2.819;2.763;2.916;1.909;1.758;2.583;3.603;3.614;4.767;4.932;5.533;5.689;5.669;5.874;5.734;5.692;3.565;1.425;1.440;1.387;1.489;1.589;1.551;1.663;1.799
Alto Feliz;4300570;-29,3919;-51,3123;-;-;891;901;945;883;785;1.032;1.024;1.235;1.328;1.238;1.279;1.475;1.566;1.656;1.774;1.847;1.846;1.963;1.980;2.112;2.150;2.391;2.500;2.689;3.103;3.335
Alvorada;4300604;-29,9914;-51,0809;86;52;59;93;124;120;126;133;133;201;142;140;158;133;123;103;93;101;104;115;126;144;145;144;129;262;154;158
Amaral Ferrador;4300638;-30,8756;-52,251;190;216;240;235;271;315;506;685;808;921;1.102;1.129;1.275;1.476;1.539;1.597;1.714;1.877;2.021;2.048;2.210;2.235;2.316;2.773;2.720;2.768;3.492;3.265
Ametista do Sul;4300646;-27,3607;-53,183;-;-;1.414;6.066;5.441;6.416;7.037;6.776;7.438;9.128;9.876;10.867;11.178;10.367;10.789;11.072;11.332;10.762;10.277;5.319;502;544;489;472;520;556;589;627
André da Rocha;4300661;-28,6283;-51,5797;216;260;264;454;821;1.060;1.251;1.226;1.108;1.173;1.258;1.276;1.236;1.300;1.324;1.287;1.461;1.543;1.645;1.752;1.650;1.183;970;1.487;1.668;1.608;1.708;1.777
Anta Gorda;4300703;-28,9698;-52,0102;2.611;2.522;2.692;2.705;2.792;3.233;3.367;3.578;3.704;4.193;4.356;4.642;4.747;5.546;6.024;6.300;6.382;7.033;6.917;7.138;8.230;8.429;8.326;8.773;8.788;8.698;9.262;8.814
Antônio Prado;4300802;-28,8565;-51,2883;2.152;2.115;2.150;2.177;2.253;2.265;3.216;2.897;3.371;3.534;3.781;3.737;3.909;4.292;4.470;4.402;4.585;4.384;4.713;4.858;5.298;6.119;6.456;7.277;7.258;7.439;8.460;8.452
Arambaré;4300851;-30,9093;-51,5046;-;-;1.656;3.016;3.686;2.779;2.797;2.870;3.273;2.993;2.503;2.531;2.932;3.507;4.411;4.752;4.322;5.089;4.646;4.781;4.982;4.478;4.404;4.988;4.550;5.110;4.559;5.090
Araricá;4300877;-29,6168;-50,9291;-;-;-;-;-;-;155;255;334;310;370;385;403;418;519;552;659;735;762;791;864;958;966;1.047;918;944;1.023;1.072
Aratiba;4300901;-27,3978;-52,2975;2.819;3.070;2.567;2.605;2.715;2.959;3.130;3.379;3.594;3.757;3.908;4.179;3.884;3.914;4.193;4.420;4.844;5.058;5.076;4.852;4.741;4.992;5.184;5.080;5.096;4.927;5.245;5.411
Arroio do Meio;4301008;-29,4014;-51,9557;2.958;3.074;3.094;2.967;3.172;3.287;3.719;4.197;4.395;4.371;5.477;5.486;5.051;4.451;4.999;5.277;5.613;5.701;5.859;6.033;6.244;6.636;6.724;6.983;6.801;6.798;7.348;7.461
Arroio do Padre;4301073;-31,4316;-52,4171;-;-;-;-;-;-;-;-;-;-;583;1.536;1.587;1.869;1.905;1.979;2.056;2.200;2.301;2.298;2.517;2.669;2.578;3.235;3.178;3.150;3.646;3.609
Arroio do Sal;4301057;-29,5439;-49,8895;120;148;144;131;141;133;111;127;153;192;184;206;237;253;281;283;278;308;328;335;481;464;681;417;415;408;455;443
Arroio do Tigre;4301206;-29,3348;-53,0966;3.396;4.102;4.978;5.238;5.708;6.227;6.894;7.725;8.482;8.445;9.232;10.380;11.164;10.942;11.796;12.649;13.165;13.689;12.881;9.637;10.104;10.467;10.694;11.958;10.385;12.753;11.569;12.079
Arroio dos Ratos;4301107;-30,0875;-51,7275;1.114;1.078;847;788;648;556;454;491;520;679;878;773;680;649;594;563;603;601;600;551;542;520;502;525;542;584;623;584
Arroio Grande;4301305;-32,2327;-53,0862;17.787;19.642;19.235;21.219;21.965;16.207;17.461;16.125;21.211;21.497;16.643;16.038;16.933;20.721;23.931;21.707;19.096;25.608;20.470;24.253;25.261;26.007;24.909;21.951;24.314;26.669;26.241;29.763
Arvorezinha;4301404;-28,8737;-52,1781;2.312;2.334;2.264;2.261;2.338;2.829;3.152;3.424;3.533;4.004;4.112;5.095;5.065;5.635;5.969;5.819;6.315;6.984;7.658;7.967;7.692;8.258;8.071;8.860;9.755;9.359;9.839;9.701
Augusto Pestana;4301503;-28,5173;-53,9883;-;-;89;-;-;-;-;-;-;-;-;-;-;-;-;4;13;12;10;9;19;25;18;18;18;18;21;20
Áurea;4301552;-27,6936;-52,0505;1.441;1.584;1.078;998;1.018;1.089;1.187;1.261;1.283;1.339;1.351;1.432;1.398;1.434;1.511;1.564;1.735;1.664;1.734;1.667;1.840;1.967;1.725;1.871;1.828;1.762;1.905;2.029
Bagé;4301602;-31,3297;-54,0999;9.066;10.473;11.138;11.001;12.351;5.932;2.939;3.079;3.332;3.006;3.603;3.786;4.428;5.159;5.627;5.855;5.499;6.744;7.434;7.569;8.173;8.020;8.160;7.884;7.689;8.716;7.808;11.986
Balneário Pinhal;4301636;-30,2419;-50,2336;-;-;-;-;-;-;31;12;7;8;6;4;3;3;5;15;22;24;30;28;43;53;70;119;90;97;111;97
Barão;4301651;-29,3725;-51,4949;466;453;480;513;552;604;470;405;438;464;506;556;640;636;652;685;696;745;786;898;919;986;1.029;1.144;1.073;1.108;1.159;1.165
Barão de Cotegipe;4301701;-27,6208;-52,3798;1.465;1.572;1.490;1.550;1.716;1.831;2.039;2.176;2.187;2.375;2.450;2.485;2.276;2.323;2.427;2.542;2.846;2.959;3.196;3.294;3.296;3.342;3.520;3.716;3.642;3.510;3.868;4.044
Barão do Triunfo;4301750;-30,3891;-51,7384;-;-;366;402;485;492;606;670;814;857;971;1.053;1.209;1.337;1.452;1.465;1.494;1.506;1.518;1.540;1.709;1.735;1.823;2.056;1.968;1.885;2.233;2.226
Barra do Guarita;4301859;-27,1927;-53,7109;-;-;238;360;385;423;469;543;589;662;690;745;744;807;843;840;891;906;890;908;981;992;994;999;1.006;949;965;1.027
Barra do Quaraí;4301875;-30,2029;-57,5497;-;-;-;-;-;-;7.918;11.602;17.619;15.598;16.495;19.278;19.487;26.120;26.652;29.707;20.517;33.617;31.950;29.307;34.545;34.268;34.533;30.286;26.429;26.003;27.716;34.713
Barra do Ribeiro;4301909;-30,2939;-51,3014;2.997;3.029;2.828;2.634;2.991;3.069;3.112;2.750;3.142;3.787;3.013;3.487;3.784;4.526;4.534;4.625;4.259;4.957;4.188;4.619;4.668;5.037;4.814;5.696;5.298;5.775;6.197;6.090
Barra do Rio Azul;4301925;-27,4068;-52,4084;-;-;660;823;894;951;1.048;1.079;1.215;1.228;1.271;1.247;1.212;1.213;1.273;1.327;1.419;1.487;1.513;1.569;1.728;1.817;1.710;1.735;1.756;1.733;1.768;1.861
Barra Funda;4301958;-27,9205;-53,0391;-;-;419;609;654;722;748;773;791;877;907;912;828;844;873;910;959;1.096;1.306;1.240;1.315;1.388;1.347;1.469;1.429;1.536;1.693;1.747
Barracão;4301800;-27,6739;-51,4586;420;463;547;587;667;752;882;988;991;1.091;1.120;1.210;1.269;1.407;1.437;1.483;1.625;1.796;1.863;1.781;1.713;1.803;1.794;1.876;1.891;1.836;1.855;1.863
Barros Cassal;4302006;-29,0947;-52,5836;953;1.086;1.143;1.184;1.325;2.081;2.496;2.504;2.690;2.941;3.210;3.670;4.212;4.620;4.719;4.692;4.815;4.972;5.357;5.558;5.821;5.693;5.835;5.775;6.201;6.143;6.770;5.578
Benjamin Constant do Sul;4302055;-27,5086;-52,5995;-;-;-;-;-;-;493;604;570;605;640;666;690;666;686;698;732;701;760;724;706;741;727;785;713;693;710;697
Bento Gonçalves;4302105;-29,1662;-51,5165;9.812;8.488;6.932;6.873;6.115;6.573;7.150;7.901;8.745;9.742;10.481;11.724;11.112;11.770;11.719;11.642;11.697;11.763;10.900;10.802;10.653;11.279;7.883;7.530;7.043;7.194;7.522;7.656
Boa Vista das Missões;4302154;-27,6671;-53,3102;-;-;-;36;45;35;51;46;48;49;52;53;53;27;49;48;58;71;72;74;73;69;68;75;76;84;81;83
Boa Vista do Buricá;4302204;-27,6693;-54,1082;2.801;2.846;2.976;3.251;3.314;3.652;2.426;2.417;2.495;2.736;2.909;2.859;2.670;2.732;2.826;2.930;3.000;3.020;3.232;3.307;3.524;3.707;3.815;4.144;4.176;4.196;4.517;4.698
Boa Vista do Cadeado;4302220;-28,5716;-53,8138;-;-;-;-;-;-;-;-;-;-;354;412;531;582;789;778;910;983;1.136;1.246;1.524;1.957;1.098;1.502;1.053;1.354;1.055;1.222
Boa Vista do Sul;4302253;-29,3544;-51,6687;-;-;-;-;-;-;306;522;582;639;664;627;622;692;748;781;829;1.001;1.083;1.139;1.077;1.083;1.184;1.302;1.292;1.303;1.373;1.409
Bom Jesus;4302303;-28,6697;-50,4295;914;1.028;721;750;809;852;1.003;1.191;1.236;1.337;1.343;1.472;1.318;1.547;1.654;2.234;2.291;2.450;2.650;2.530;3.048;2.706;2.690;3.041;2.756;2.745;3.335;3.531
Bom Princípio;4302352;-29,4856;-51,3548;1.760;1.888;1.935;2.062;2.193;1.976;1.690;1.961;2.209;2.154;2.523;3.007;2.751;2.617;2.947;3.093;3.524;3.636;3.823;4.048;4.393;4.811;4.940;5.427;4.978;5.100;5.139;5.631
Bom Progresso;4302378;-27,5399;-53,8716;-;-;392;560;604;641;667;684;722;803;803;818;776;785;836;875;913;887;925;948;965;1.033;996;1.051;1.127;852;957;969
Bom Retiro do Sul;4302402;-29,6086;-51,9464;1.601;1.612;1.759;1.868;1.917;2.025;1.509;1.661;1.865;1.536;1.667;1.784;1.563;1.129;1.519;1.834;1.856;1.946;1.857;1.935;2.052;2.233;2.256;2.309;2.127;2.190;2.448;2.148
Boqueirão do Leão;4302451;-29,3046;-52,4284;-;-;280;310;333;366;394;434;458;463;567;675;723;617;681;675;672;662;745;824;814;847;856;974;834;631;856;917
Bossoroca;4302501;-28,7291;-54,9035;48;53;64;65;84;89;110;96;107;121;130;131;137;113;124;141;143;147;145;154;162;178;179;193;182;183;203;205
Bozano;4302584;-28,36746;-53,77224;-;-;-;-;-;-;-;-;-;-;-;-;-;-;-;1;8;9;10;7;2;2;2;2;2;3;3;3
Braga;4302600;-27,6173;-53,7405;495;517;607;680;708;738;736;816;827;918;920;921;860;869;890;867;871;844;908;882;894;951;952;1.009;967;982;1.051;1.109
Brochier;4302659;-29,5501;-51,5945;1.670;1.764;1.237;1.159;1.267;1.176;1.371;1.619;1.757;1.749;1.986;2.177;2.237;2.049;2.204;2.373;2.562;2.575;2.643;2.706;2.807;3.129;3.197;3.315;3.118;3.225;3.324;3.314
Butiá;4302709;-30,1179;-51,9601;1.472;1.071;533;304;447;430;301;393;568;772;621;513;530;694;864;930;1.038;1.056;1.031;978;1.291;1.124;1.219;1.354;1.239;1.335;1.379;1.570
Caçapava do Sul;4302808;-30,5144;-53,4827;1.241;1.366;1.572;1.817;1.998;2.381;2.403;2.457;2.908;2.926;3.558;3.769;3.511;3.159;3.664;3.895;4.116;4.268;4.610;4.663;4.959;5.146;5.216;5.482;5.093;5.025;5.240;5.520
Cacequi;4302907;-29,8883;-54,822;3.451;3.615;3.061;3.808;4.176;3.609;4.123;3.177;5.117;5.124;4.062;4.255;3.495;4.829;5.209;5.259;5.328;6.585;6.563;4.747;6.576;6.300;5.950;6.219;4.807;4.676;4.930;6.495
Cachoeira do Sul;4303004;-30,033;-52,8928;15.680;16.145;15.460;17.505;19.068;18.431;19.953;17.344;22.416;23.310;20.588;22.194;22.750;26.068;28.894;30.009;28.801;32.066;31.790;29.977;34.906;36.766;33.703;36.146;29.863;28.389;31.195;34.087
Cachoeirinha;4303103;-29,9472;-51,1016;256;85;60;60;96;124;155;153;101;124;135;142;51;50;50;60;111;94;37;28;28;29;28;30;49;21;23;23
Cacique Doble;4303202;-27,767;-51,6597;978;1.055;1.043;1.100;1.162;1.240;1.393;1.449;1.444;1.526;1.565;1.598;1.613;1.685;1.811;1.876;1.929;2.060;2.082;2.100;2.209;2.257;2.268;2.391;2.376;2.278;2.357;2.412
Caiçara;4303400;-27,2791;-53,4257;982;1.020;1.034;1.089;1.166;1.250;1.398;1.421;1.426;1.784;1.822;1.971;1.924;2.124;2.231;2.279;2.350;2.340;2.454;2.438;2.410;2.563;2.620;2.720;2.701;2.714;2.925;2.987
Camaquã;4303509;-30,8489;-51,8043;14.062;15.711;13.936;12.224;12.709;11.147;10.285;9.842;12.184;12.461;11.845;13.447;14.761;18.771;20.656;19.656;19.370;22.374;21.846;22.397;23.530;23.191;22.485;24.473;22.647;23.399;25.186;25.206
Camargo;4303558;-28,588;-52,2003;47;54;59;49;44;44;57;79;85;101;102;114;104;119;152;152;179;245;314;302;454;603;617;644;651;698;697;696
Cambará do Sul;4303608;-29,0474;-50,1465;1.782;168;232;248;257;357;473;315;366;411;407;417;425;451;479;544;641;675;680;748;775;813;790;796;777;806;832;906
Campestre da Serra;4303673;-28,7926;-51,0941;-;-;436;537;602;521;617;837;1.027;1.084;1.258;1.422;1.413;1.460;1.576;1.602;1.728;1.870;1.833;1.872;2.079;2.125;2.363;2.650;2.560;2.588;2.933;2.663
Campina das Missões;4303707;-27,9888;-54,8417;75;62;72;72;83;75;78;87;354;485;314;173;1.167;1.039;1.020;807;123;656;1.005;124;94;101;103;117;117;122;126;126
Campinas do Sul;4303806;-27,7174;-52,6248;2.646;2.883;2.906;3.066;3.204;3.510;3.763;3.902;4.045;4.065;1.245;1.090;1.017;1.083;1.104;1.087;1.127;1.114;1.183;1.117;1.041;1.067;1.078;1.069;1.064;1.054;1.129;1.192
Campo Bom;4303905;-29,6747;-51,0606;164;171;195;213;216;223;136;190;284;277;282;268;290;384;454;505;541;570;595;580;578;651;716;749;640;782;856;894
Campo Novo;4304002;-27,6792;-53,8052;1.020;1.044;921;842;1.082;1.161;1.222;1.273;1.371;1.690;1.632;1.514;1.264;1.618;1.846;1.632;1.508;2.110;2.009;2.151;2.198;3.031;2.500;2.781;1.886;2.154;2.214;2.236
Campos Borges;4304101;-28,8871;-53,0008;15;-;-;-;-;-;-;-;-;-;-;-;-;-;-;-;-;-;-;-;-;-;-;-;-;-;-;-
Candelária;4304200;-29,6684;-52,7895;8.691;9.805;10.080;10.415;11.408;12.519;14.057;14.133;15.800;16.461;17.512;18.097;20.920;20.198;20.881;21.203;21.777;22.233;22.918;23.666;24.873;25.910;25.952;28.817;26.895;27.532;28.467;28.189
Cândido Godói;4304309;-27,9515;-54,7517;5.896;5.083;5.623;6.298;6.843;7.077;7.798;8.207;7.971;7.396;7.223;7.323;7.238;7.097;6.411;6.658;7.017;7.218;7.395;4.146;1.088;1.132;1.147;1.179;1.148;1.193;1.245;1.217
Candiota;4304358;-31,5515;-53,6773;-;-;132;180;239;289;321;270;318;370;355;396;431;449;517;588;648;948;880;907;1.044;995;1.009;1.045;1.214;1.226;1.359;1.327
Canela;4304408;-29,356;-50,8119;364;342;375;391;437;436;471;527;561;557;541;580;453;494;535;641;670;726;753;759;782;839;847;944;910;1.012;1.130;1.205
Canguçu;4304507;-31,396;-52,6782;3.573;4.101;4.491;4.811;5.245;6.440;7.279;8.261;8.913;9.733;10.490;11.264;11.518;13.807;13.854;14.792;15.732;17.253;18.305;18.845;20.966;22.320;23.962;26.669;26.132;26.810;32.187;29.676
Canoas;4304606;-29,9128;-51,1857;1.139;1.163;427;200;229;215;194;191;376;403;308;356;267;317;273;236;192;483;319;323;393;346;349;337;266;296;465;391
Capão Bonito do Sul;4304622;-29,7642;-50,0282;-;-;-;-;-;-;-;-;-;-;602;753;745;807;968;1.195;1.336;1.512;1.282;1.277;1.280;1.388;1.355;1.409;1.429;1.405;1.558;1.697
Capão da Canoa;4304630;-29,6397;-49,9599;85;95;58;76;102;80;73;64;59;64;54;74;93;102;105;126;138;166;171;152;143;150;227;241;213;249;280;320
Capão do Cipó;4304655;-28,904;-54,7;-;-;-;-;-;-;-;-;-;-;-;364;1.424;1.490;1.843;1.851;2.025;2.129;2.097;2.301;2.478;2.914;2.745;3.000;2.578;2.827;2.634;3.358
Capão do Leão;4304663;-31,7565;-52,4889;20.694;6.932;7.048;7.665;8.860;7.410;8.155;7.462;8.440;7.901;6.033;5.843;6.025;7.394;8.197;8.295;8.091;9.407;7.902;9.448;10.481;10.341;9.705;11.970;12.809;13.118;12.854;14.182
Capela de Santana;4304689;-29,6961;-51,328;712;596;771;790;822;822;733;814;1.010;985;1.059;1.108;1.193;1.280;1.449;1.489;1.627;1.733;1.757;1.902;2.070;2.116;2.097;2.194;1.873;1.921;2.000;2.052
Capitão;4304697;-29,2674;-51,9853;-;-;-;-;-;-;-;-;-;-;-;-;-;-;-;65;98;98;96;108;127;145;148;187;190;214;200;195
Capivari do Sul;4304671;-30,1382;-50,5151;-;-;-;-;-;-;1.663;7.040;7.930;8.984;6.156;6.933;7.100;8.104;10.330;9.925;9.936;10.946;11.293;11.869;12.166;12.708;12.637;14.180;12.914;12.928;13.013;14.410
Caraá;4304713;-29,7869;-50,4316;-;-;-;-;-;-;1.168;2.252;2.447;2.855;2.813;2.980;3.125;3.251;3.438;3.603;3.762;3.747;3.919;4.107;4.109;4.255;4.407;4.778;4.637;4.878;5.427;5.207
Carazinho;4304705;-28,2958;-52,7933;-;-;-;-;-;-;-;-;-;-;-;-;-;-;-;-;-;-;-;-;0;0;0;-;-;0;0;0
Carlos Barbosa;4304804;-29,2969;-51,5029;7.083;7.462;9.624;13.398;13.611;11.317;12.429;11.182;4.528;5.213;6.683;6.791;7.038;7.113;7.322;8.601;9.264;8.622;8.482;7.440;6.912;7.149;5.866;6.452;6.298;6.887;7.534;7.386
Carlos Gomes;4304853;-27,7167;-51,9121;-;-;366;463;484;537;584;617;605;669;650;686;661;660;697;707;780;803;813;822;869;868;875;959;914;820;865;903
Casca;4304903;-28,5605;-51,9815;3.468;4.093;4.201;4.530;5.014;5.608;5.873;6.442;6.946;7.656;7.952;8.628;8.382;8.922;9.397;10.340;10.984;11.983;11.999;12.613;13.045;13.658;14.037;14.713;14.999;15.881;16.111;14.562
Caseiros;4304952;-28,2582;-51,6861;312;369;1.144;1.369;1.490;948;718;524;631;708;670;844;724;1.102;1.678;939;1.017;1.069;1.170;1.141;1.341;1.345;1.437;1.705;1.801;2.001;2.062;2.141
Catuípe;4305009;-28,2554;-54,0132;4.821;4.787;5.079;5.359;5.660;5.795;6.167;6.733;7.227;3.314;3.046;3.263;2.426;1.950;1.339;315;262;229;245;246;243;265;279;459;410;429;488;578
Caxias do Sul;4305108;-29,1629;-51,1792;11.725;14.970;17.308;19.080;21.568;21.823;21.773;21.660;22.674;25.662;23.161;24.149;22.755;25.585;27.623;25.948;29.960;30.599;28.253;28.288;28.978;31.699;31.467;34.052;33.145;31.975;39.542;38.913
Centenário;4305116;-27,7616;-51,9984;-;-;546;705;724;827;917;958;1.000;1.025;1.051;1.118;1.080;1.103;1.174;1.172;1.277;1.296;1.329;1.316;1.338;1.416;1.382;1.508;1.531;1.454;1.593;1.620
Cerrito;4305124;-31,8419;-52,8004;-;-;-;-;-;-;1.212;1.682;2.040;2.212;2.079;2.246;2.155;2.518;2.476;2.581;2.724;2.791;2.874;3.095;3.259;3.208;2.950;2.997;2.846;2.426;2.638;2.515
Cerro Branco;4305132;-29,657;-52,9406;...;2;7;2;12;25;26;29;40;48;50;59;67;71;84;93;89;91;99;107;106;104;110;126;114;104;116;121
Cerro Grande;4305157;-27,6106;-53,1672;-;-;13;24;31;39;39;31;31;43;42;47;44;49;53;54;50;50;53;50;49;57;47;50;48;45;47;45
Cerro Grande do Sul;4305173;-30,5905;-51,7418;721;816;841;787;873;900;1.144;1.292;1.573;1.832;2.247;2.514;2.734;3.152;3.375;3.257;3.305;3.326;3.303;3.409;3.773;3.795;3.932;4.367;4.162;4.150;5.104;5.033
Cerro Largo;4305207;-28,1462;-54,7428;11.876;11.577;10.247;10.048;11.214;11.472;12.974;13.640;14.317;15.025;15.841;15.885;15.864;16.279;17.577;18.230;18.662;20.235;23.862;8.122;786;842;825;925;816;779;812;864
Charqueadas;4305355;-29,9625;-51,6289;79;153;161;118;228;187;260;998;2.387;2.415;2.392;1.833;2.049;2.294;2.535;2.622;2.560;2.894;2.557;2.419;3.010;3.000;2.703;2.661;2.449;2.335;3.037;2.592
Charrua;4305371;-27,9493;-52,015;-;-;2;5;21;12;20;18;36;57;68;69;69;77;79;80;92;106;105;119;99;104;97;90;105;120;104;85
Chiapetta;4305405;-27,923;-53,9419;1.410;1.501;959;861;885;931;952;974;1.083;1.123;1.135;1.078;902;476;191;57;66;71;80;80;108;123;131;128;104;152;179;166
Chuí;4305439;-33,6866;-53,4594;-;-;-;-;-;-;661;2.007;1.348;3.384;2.102;1.051;1.281;1.748;2.213;2.120;2.435;2.837;2.427;2.455;2.920;2.774;2.730;2.634;2.595;2.802;2.841;3.457
Chuvisca;4305447;-30,7504;-51,9737;-;-;-;-;-;-;876;1.325;1.527;1.727;1.901;2.124;2.420;2.843;3.091;2.907;2.959;3.226;3.481;3.481;3.837;4.108;4.276;4.903;4.606;4.557;5.554;5.201
Cidreira;4305454;-30,1604;-50,2338;972;1.608;1.124;1.120;1.161;858;728;807;1.251;1.160;918;773;789;879;1.251;747;1.146;1.376;1.389;1.119;1.227;1.277;1.362;1.555;1.327;1.534;1.264;1.866
Ciríaco;4305504;-28,3419;-51,8741;2.381;2.451;2.619;2.491;3.291;3.445;3.807;4.495;4.801;4.785;5.224;5.623;6.240;6.574;6.947;7.109;7.595;8.054;8.373;1.934;211;211;218;225;226;226;225;229
Colinas;4305587;-29,3815;-51,8526;-;-;956;1.084;1.053;1.115;1.242;1.319;1.422;1.385;1.735;1.842;1.678;1.563;1.711;1.756;1.860;1.957;2.084;2.196;2.307;2.449;2.498;2.637;2.573;2.681;2.663;2.727
Constantina;4305801;-27,732;-52,9938;3.218;3.000;2.587;2.934;3.076;3.289;3.409;3.422;3.654;4.323;3.955;3.836;3.663;3.715;3.778;3.561;3.539;3.705;3.804;3.741;3.951;4.107;3.949;4.279;4.307;4.207;4.462;4.610
Coqueiro Baixo;4305835;-29,1722;-52,0989;-;-;-;-;-;-;-;-;-;-;-;95;362;317;436;506;547;600;645;689;735;786;781;881;835;858;958;971
Coronel Bicaco;4305900;-27,7197;-53,7022;1.394;1.422;1.455;1.548;1.558;1.571;1.605;1.778;2.038;2.305;2.228;2.306;1.969;2.682;2.879;2.625;2.609;3.277;3.396;2.653;2.136;2.328;2.239;2.446;2.099;2.412;2.836;2.894
Coronel Pilar;4305934;-29,2684;-51,6879;-;-;-;-;-;-;-;-;-;-;1.392;1.543;945;689;751;824;837;878;923;936;915;960;943;1.003;983;1.014;1.048;1.086
Cotiporã;4305959;-28,9891;-51,6971;953;946;1.000;1.083;1.155;1.228;1.283;1.372;1.411;1.475;1.704;2.052;1.915;2.062;2.245;2.376;2.458;2.599;2.615;2.650;3.087;3.193;2.873;3.049;2.751;2.709;2.595;2.397
Coxilha;4305975;-28,128;-52,3023;-;-;555;1.090;1.290;1.284;1.230;1.269;1.576;915;898;940;845;993;1.111;1.088;1.094;1.269;1.268;1.074;1.277;1.386;1.429;1.525;1.405;1.552;1.665;1.727
Crissiumal;4306007;-27,4999;-54,0994;3.866;4.052;4.260;4.565;4.657;4.932;4.849;5.150;5.279;5.724;5.750;6.004;5.803;5.977;6.212;6.507;6.787;6.769;7.120;7.183;7.350;7.807;7.892;8.504;8.335;8.311;8.831;9.031
Cristal;4306056;-31,0046;-52,0436;990;1.814;1.987;2.046;2.406;1.823;2.177;2.235;3.811;4.967;4.307;3.440;3.459;4.263;4.903;4.759;4.255;5.214;4.744;4.481;5.166;5.444;5.154;5.896;5.334;5.819;6.105;6.273
Cristal do Sul;4306072;-27,452;-53,2422;-;-;-;-;-;-;-;-;-;-;-;-;13;32;35;34;237;290;310;304;316;343;337;350;359;348;373;395
Cruz Alta;4306106;-28,645;-53,6048;6.387;7.266;7.334;8.610;8.949;9.699;10.902;11.746;11.050;12.138;13.105;14.213;14.908;17.872;21.506;20.246;20.662;23.733;25.028;6.228;1.282;1.735;1.275;2.063;1.588;1.863;2.060;1.972
Cruzaltense;4306130;-27,6644;-52,6492;-;-;-;-;-;-;-;-;-;-;2.792;2.987;3.000;2.517;1.321;2.284;2.713;1.399;2.100;1.560;1.054;1.217;1.146;1.236;1.256;1.232;1.277;1.320
Cruzeiro do Sul;4306205;-29,5148;-51,9928;3.382;3.252;3.223;3.506;3.844;3.744;4.060;4.100;4.564;4.583;5.323;5.787;5.472;5.156;5.895;6.207;6.778;7.195;7.315;7.857;8.119;8.600;8.376;8.502;8.041;8.143;8.647;9.023
David Canabarro;4306304;-28,3849;-51,8482;268;319;305;324;348;357;396;417;434;479;540;581;530;589;596;621;682;756;807;802;855;898;830;811;810;889;961;1.009
Derrubadas;4306320;-27,2642;-53,8645;-;-;872;1.246;1.260;1.384;1.467;1.543;1.565;1.517;1.662;1.655;1.609;1.657;1.755;1.825;1.912;1.953;1.939;1.978;2.092;2.085;2.112;2.261;2.188;2.148;2.195;2.173
Dezesseis de Novembro;4306353;-28,219;-55,0617;686;875;861;1.043;1.029;1.192;1.281;1.320;1.498;1.435;1.531;1.449;1.585;1.672;1.703;1.711;1.786;1.811;1.844;1.076;617;709;715;912;822;816;831;942
Dilermando de Aguiar;4306379;-29,7054;-54,2122;-;-;-;-;-;-;1.067;1.018;1.244;1.291;1.440;1.614;1.554;1.449;1.598;1.780;1.800;1.844;1.899;1.849;2.008;2.163;2.094;2.300;1.942;2.105;2.310;2.539
Dois Irmãos;4306403;-29,5836;-51,0898;1.641;1.650;1.009;893;866;935;990;1.017;1.104;1.098;1.180;1.173;1.197;1.127;1.178;1.209;1.248;1.340;1.392;1.368;1.402;1.495;1.496;1.618;1.478;1.505;1.593;1.621
Dois Irmãos das Missões;4306429;-27,6621;-53,5304;-;-;321;10.680;14.422;16.848;18.689;17.987;14.709;8.643;9.229;10.486;12.754;15.239;16.757;17.695;15.295;17.699;17.438;9.850;2.574;2.853;2.572;3.056;1.994;2.739;3.244;3.073
Dois Lajeados;4306452;-28,983;-51,8396;1.665;1.608;866;844;902;1.119;1.231;1.303;1.299;1.475;1.518;1.663;1.746;1.861;2.014;17.934;17.526;11.525;7.940;8.088;7.459;7.096;7.058;7.753;8.026;8.355;8.312;7.452
Dom Feliciano;4306502;-30,7004;-52,1026;587;786;910;971;1.099;1.253;1.510;1.744;2.126;2.557;3.063;3.546;4.035;4.868;5.212;5.123;5.158;5.598;5.996;6.031;6.795;7.191;7.753;9.135;8.989;9.090;11.030;10.589
Dom Pedrito;4306601;-30,9756;-54,6694;4.793;4.983;5.513;5.973;7.821;7.246;6.295;6.422;9.299;8.382;8.382;8.500;8.843;12.561;14.721;15.760;11.921;18.373;17.807;18.873;21.921;22.621;17.459;20.459;21.277;23.172;21.248;26.111
Dom Pedro de Alcântara;4306551;-29,3639;-49,853;-;-;-;-;-;-;478;911;993;1.162;1.162;1.275;1.357;1.395;1.500;1.539;1.631;1.712;1.827;1.924;3.522;2.060;6.405;2.217;2.219;2.245;2.478;2.659
Doutor Maurício Cardoso;4306734;-27,5103;-54,3578;1.381;1.453;1.512;1.622;1.653;1.832;1.916;2.014;2.020;2.112;2.006;1.981;1.939;1.935;2.063;2.226;2.284;2.269;2.434;2.436;2.429;2.548;2.452;2.515;2.479;2.495;2.483;2.462
Doutor Ricardo;4306759;-29,084;-51,9971;-;-;-;-;-;-;856;1.062;1.231;1.241;1.517;1.437;1.366;1.427;1.645;1.800;1.923;1.905;1.922;1.891;1.937;1.921;1.868;1.939;1.716;1.634;1.787;1.764
Eldorado do Sul;4306767;-30,0847;-51,6187;6.350;3.975;3.947;4.420;4.656;4.654;5.046;4.023;3.998;3.667;3.512;3.477;3.329;4.246;6.290;6.546;6.406;6.205;4.920;5.883;6.424;6.775;6.351;6.949;6.287;6.408;6.831;6.633
Encantado;4306809;-29,2351;-51,8703;3.084;3.281;3.375;3.555;3.794;3.496;2.616;3.331;3.630;3.340;3.428;2.567;2.433;2.570;3.199;3.487;3.831;3.874;3.992;4.371;4.529;4.739;4.649;4.976;4.650;4.751;5.092;5.254
Encruzilhada do Sul;4306908;-30,543;-52,5204;1.661;1.690;1.827;1.854;2.126;2.259;2.696;2.857;3.411;3.933;4.315;4.398;4.599;4.829;5.183;5.593;5.768;6.081;6.172;6.584;7.348;7.554;7.497;7.706;7.483;7.539;8.246;8.560
Engenho Velho;4306924;-27,706;-52,9145;-;-;384;687;700;722;754;757;787;879;873;828;701;696;612;525;536;527;551;567;571;579;592;611;638;637;657;635
Entre Rios do Sul;4306957;-27,5298;-52,7347;640;645;702;752;760;856;899;914;887;910;979;994;1.023;1.059;1.107;1.154;1.186;1.153;1.289;1.011;765;771;595;431;452;531;594;575
Entre-ijuís;4306932;-28,3686;-54,2686;8.178;8.306;9.398;10.161;10.412;11.776;12.649;12.813;15.195;4.151;1.893;4.284;5.457;5.346;7.862;6.905;4.924;7.984;11.905;2.258;526;520;526;570;547;700;670;643
Erebango;4306973;-27,8544;-52,3005;121;204;252;243;296;299;322;347;347;383;376;401;476;651;657;701;758;776;778;852;921;615;610;618;716;596;644;702
Erechim;4307005;-27,6364;-52,2697;4.129;4.159;4.493;4.484;4.681;5.236;5.874;6.172;6.330;6.733;4.857;4.874;4.365;4.463;4.576;5.251;5.779;5.905;5.991;5.854;5.926;5.977;6.090;6.252;5.948;5.944;6.306;6.577
Ernestina;4307054;-28,4977;-52,5836;2.414;2.750;2.835;2.843;3.539;3.653;4.060;4.417;4.668;5.053;5.470;1.869;377;100;1.490;110;1.655;2.159;2.647;146;114;123;131;135;121;123;121;118
Erval Grande;4307203;-27,3926;-52,574;4.468;1.151;1.145;1.233;1.322;1.475;1.641;1.756;1.829;1.995;2.074;2.174;2.111;2.100;2.281;2.397;2.605;2.696;2.748;2.254;1.844;1.957;1.978;2.149;2.262;2.181;2.336;2.395
Erval Seco;4307302;-27,5443;-53,5005;1.324;1.291;1.033;1.111;1.111;1.270;1.385;1.379;1.481;1.831;1.802;1.927;1.915;2.109;2.268;2.398;2.618;2.958;3.002;3.077;3.299;3.393;3.376;3.598;3.585;3.579;3.868;4.024
Esmeralda;4307401;-28,0518;-51,1933;392;439;489;525;548;539;563;645;754;879;519;591;619;674;691;804;925;947;908;980;1.112;1.118;977;983;823;1.027;1.090;1.147
Esperança do Sul;4307450;-27,3603;-53,9891;-;-;-;-;-;-;1.412;1.619;1.646;1.800;1.774;1.852;1.826;1.823;1.979;2.067;2.177;2.201;2.230;2.209;2.182;2.297;2.300;2.399;2.403;2.279;2.353;2.432
Espumoso;4307500;-28,7286;-52,8461;7.878;8.668;9.308;9.249;11.556;12.325;13.954;14.820;15.508;16.430;8.395;78;56;56;66;70;80;253;212;297;329;374;356;365;166;280;475;445
Estação;4307559;-27,9135;-52,2635;3.255;3.431;3.580;3.897;3.914;4.416;4.882;5.096;5.134;4.122;2.674;3.106;3.593;4.621;4.729;6.417;7.450;7.595;7.137;3.820;646;644;679;752;880;916;1.050;1.045
Estância Velha;4307609;-29,6535;-51,1843;4.043;540;504;413;433;461;385;379;516;459;462;438;433;412;477;488;557;557;573;598;608;648;658;675;520;563;609;684
Esteio;4307708;-29,852;-51,1841;463;233;267;236;263;202;195;322;307;207;335;276;323;476;428;559;395;356;274;212;287;202;111;146;89;121;116;156
Estrela;4307807;-29,5016;-51,9605;4.339;4.446;3.811;4.032;4.111;5.018;5.760;6.064;6.235;6.217;7.554;7.655;8.380;8.722;9.527;9.857;10.514;11.996;13.643;14.656;16.317;17.874;16.572;13.809;13.188;14.079;14.901;15.429
Estrela Velha;4307815;-29,1713;-53,1639;-;-;-;-;-;-;-;...;9;83;20;22;20;29;28;30;33;38;1.204;4.875;5.456;6.052;6.049;5.530;6.910;6.575;6.749;6.965
Eugênio de Castro;4307831;-28,5315;-54,1506;642;656;714;778;876;909;1.013;1.062;1.040;1.069;1.117;1.108;1.254;1.517;1.511;1.385;1.396;1.724;1.616;1.583;1.707;2.021;1.892;2.723;2.344;2.359;2.626;2.980
Fagundes Varela;4307864;-28,8794;-51,7014;727;674;794;888;898;989;1.075;1.167;1.180;1.359;1.453;1.447;1.341;1.452;1.513;1.616;1.827;1.997;2.009;2.127;2.134;2.175;2.318;2.488;2.536;2.682;2.731;2.685
Farroupilha;4307906;-29,2227;-51,3419;5.098;5.318;5.633;6.003;6.231;6.188;6.197;6.925;7.305;8.369;9.160;9.935;9.532;11.248;11.706;12.282;13.875;14.998;15.225;16.313;16.580;17.677;16.906;18.217;17.813;17.890;20.342;20.484
Faxinal do Soturno;4308003;-29,5788;-53,4484;2.051;-;-;-;-;-;-;-;-;-;-;-;-;-;-;-;-;-;-;-;0;0;0;-;-;0;0;0
Faxinalzinho;4308052;-27,4238;-52,6789;368;341;366;424;438;485;541;614;623;670;683;703;669;696;717;743;776;759;899;860;819;872;863;932;980;936;977;1.010
Fazenda Vilanova;4308078;-29,5885;-51,8217;-;-;-;-;-;-;624;638;24.714;8.243;939;1.065;905;922;1.064;1.057;1.069;1.144;1.191;1.296;1.290;1.363;1.428;1.480;1.533;1.619;1.576;1.556
Feliz;4308102;-29,4527;-51,3032;3.975;4.404;2.357;2.190;2.371;2.190;2.113;2.353;2.665;2.808;2.809;2.797;2.843;2.898;3.034;3.163;3.335;3.431;3.483;3.661;3.769;4.198;4.204;4.574;4.411;4.509;5.139;5.123
Flores da Cunha;4308201;-29,0262;-51,1875;6.383;6.947;6.341;6.502;6.653;6.825;7.233;7.228;8.010;8.727;8.438;9.254;8.340;9.972;10.168;10.136;10.531;11.256;11.031;10.513;10.718;10.651;10.599;11.098;10.995;11.170;12.335;12.500
Floriano Peixoto;4308250;-27,8614;-52,0838;-;-;-;-;-;-;-;-;-;-;-;-;-;0;-;-;-;-;-;-;-;-;-;-;-;-;-;-
Fontoura Xavier;4308300;-28,9816;-52,3445;-;-;-;-;-;-;-;-;-;-;-;-;-;-;-;-;-;-;-;-;0;4.977;7.070;9.822;8.742;10.022;11.243;10.218
Formigueiro;4308409;-30,0035;-53,4959;2.427;2.039;2.257;2.372;2.678;2.765;2.692;2.343;3.423;3.534;3.293;3.590;3.122;3.249;3.621;3.675;3.870;4.074;4.189;4.244;4.732;4.430;4.182;4.551;3.711;3.520;3.734;4.604
Fortaleza dos Valos;4308458;-28,7986;-53,2249;2;-;38;-;-;...;6;11;...;2;6;7;8;8;8;8;5;5;8;14;17;17;17;21;19;19;147;224
Frederico Westphalen;4308508;-27,3586;-53,3958;7.213;7.518;7.246;8.143;7.940;8.709;10.586;10.984;10.676;10.777;11.422;9.706;8.668;10.817;11.406;12.066;10.083;10.625;12.530;7.504;2.755;2.785;2.350;2.613;2.523;2.822;3.100;3.409
Garibaldi;4308607;-29,259;-51,5352;6.769;7.164;7.772;8.860;7.898;8.646;9.209;9.947;10.471;10.111;9.501;9.383;9.260;9.452;9.333;8.931;9.365;10.439;7.430;6.811;6.679;6.766;6.564;6.786;6.445;6.771;8.565;9.330
Garruchos;4308656;-28,1944;-55,6383;-;-;265;402;479;556;742;738;1.230;2.110;1.484;1.700;1.420;1.174;1.310;1.529;1.552;1.710;1.602;1.772;2.084;2.526;2.684;2.316;1.612;1.723;1.707;2.265
Gaurama;4308706;-27,5856;-52,0915;1.582;1.869;1.995;2.089;2.201;2.512;2.660;2.840;2.926;3.093;2.955;3.180;2.817;2.731;2.771;2.954;3.256;3.223;3.257;3.227;3.197;3.366;3.442;3.503;3.399;3.379;3.476;3.425
General Câmara;4308805;-29,9032;-51,7612;453;312;338;371;462;461;437;474;572;572;648;890;803;705;829;794;849;829;838;841;907;919;938;1.051;865;884;949;972
Gentil;4308854;-28,4316;-52,0337;-;-;66;72;73;82;82;98;92;111;119;138;136;146;163;176;193;188;195;172;178;187;278;294;337;395;455;396
Getúlio Vargas;4308904;-27,8911;-52,2294;885;759;828;846;1.026;1.120;1.206;1.358;1.391;1.489;1.584;1.574;1.474;1.512;1.512;1.578;1.670;1.645;1.733;1.681;1.822;1.957;2.032;2.142;2.235;2.175;2.235;2.237
Giruá;4309001;-28,0297;-54,3517;4.065;4.115;4.570;4.846;5.271;5.170;5.626;5.183;5.350;5.501;5.495;5.438;5.284;5.840;6.870;6.954;7.230;6.887;7.392;4.045;539;603;601;623;577;581;611;614
Glorinha;4309050;-29,8798;-50,7734;1.418;1.571;1.501;1.371;1.499;1.623;1.776;2.083;2.198;2.699;2.611;2.661;2.369;2.586;2.776;2.818;2.963;2.954;3.009;3.060;3.067;3.091;2.989;3.163;2.944;3.019;3.222;3.208
Gramado;4309100;-29,3733;-50,8762;1.052;1.094;1.168;1.207;1.317;1.340;1.538;1.724;1.826;2.006;2.064;2.147;1.940;2.267;2.481;2.486;2.733;2.865;2.878;2.794;2.992;3.330;3.479;3.671;3.604;3.780;4.023;4.211
Gramado dos Loureiros;4309126;-27,4429;-52,9149;-;-;202;258;290;358;356;454;499;543;586;619;626;646;637;674;727;711;869;732;764;821;796;823;780;762;811;846
Gramado Xavier;4309159;-29,2706;-52,5795;-;-;226;289;311;348;370;453;473;453;559;758;853;656;827;828;843;860;920;936;937;906;936;992;884;772;942;1.007
Gravataí;4309209;-29,9413;-50,9869;2.470;2.565;2.669;2.800;3.116;3.359;3.591;3.578;3.714;4.131;4.095;4.191;3.299;3.636;4.078;4.279;4.636;4.733;4.862;4.789;4.989;5.173;5.267;5.662;5.195;5.137;5.474;5.572
Guabiju;4309258;-28,5421;-51,6948;448;442;452;513;537;593;632;678;666;752;769;794;757;815;849;931;973;1.106;1.138;1.271;1.305;1.292;1.388;1.427;1.437;1.449;1.512;1.545
Guaíba;4309308;-30,1086;-51,3233;3.796;3.593;2.909;2.487;3.016;2.788;3.040;2.798;3.178;3.240;2.590;2.397;2.295;2.289;2.332;2.047;2.216;2.343;2.134;2.816;2.983;3.154;2.623;2.819;2.596;2.668;2.776;2.769
Guaporé;4309407;-28,8399;-51,8895;1.769;1.811;1.506;1.580;1.698;1.831;1.940;2.011;1.956;2.020;2.062;2.204;1.885;1.938;2.173;2.242;2.479;2.696;2.845;2.828;3.074;3.539;3.210;3.338;3.423;3.513;3.639;3.789
Guarani das Missões;4309506;-28,1491;-54,5629;1.665;1.722;1.859;1.922;2.072;2.172;2.287;1.997;1.962;2.126;2.198;2.285;2.354;2.455;2.519;2.662;2.789;2.918;2.923;3.124;3.230;3.384;3.358;3.541;3.462;3.437;3.569;3.726
Harmonia;4309555;-29,5456;-51,4185;828;887;876;936;1.017;941;1.022;1.212;1.375;1.393;1.734;2.902;1.767;1.641;1.759;1.830;2.030;2.094;2.183;2.451;2.480;2.632;2.848;3.643;3.591;3.962;4.286;4.605
Herval;4307104;-32,024;-53,3944;1.507;1.850;2.190;2.278;2.329;2.136;2.380;1.988;2.358;2.407;2.638;2.388;2.306;1.233;1.372;1.297;1.302;1.489;1.456;1.472;1.680;1.775;1.809;1.806;1.711;1.931;2.000;2.185
Herveiras;4309571;-29,4552;-52,6553;-;-;-;-;-;-;756;795;807;755;958;1.237;1.234;1.004;1.193;1.242;1.297;1.327;1.394;1.447;1.505;1.526;1.624;1.701;1.555;1.451;1.588;1.642
Horizontina;4309605;-27,6282;-54,3053;2.505;2.506;2.675;2.728;2.833;2.897;3.039;3.098;3.213;3.490;3.411;3.565;3.380;3.626;3.840;3.973;4.239;4.526;4.867;4.789;5.145;6.311;5.989;6.293;6.157;7.199;7.758;7.282
Hulha Negra;4309654;-31,4067;-53,8667;-;-;-;-;-;6.688;9.803;10.016;10.677;11.337;12.237;12.101;11.865;12.576;13.497;14.252;14.364;16.227;16.549;16.952;18.497;19.062;19.512;20.020;20.331;21.145;23.938;24.996
Humaitá;4309704;-27,5691;-53,9695;1.731;1.690;1.794;1.893;1.903;2.002;2.180;2.333;2.310;2.676;2.644;2.700;2.557;2.708;2.676;2.800;2.882;2.896;3.110;3.007;3.104;3.372;3.530;3.695;3.811;3.667;4.089;4.145
Ibarama;4309753;-29,4203;-53,1295;888;983;970;962;986;1.082;1.353;1.235;1.348;1.367;1.650;1.963;2.008;1.792;2.088;2.139;2.169;2.204;2.229;2.312;2.448;2.418;2.631;2.967;2.668;2.620;2.895;3.033
Ibiraiaras;4309902;-28,3741;-51,6377;1.690;1.933;2.052;2.169;2.216;2.263;2.282;2.489;2.544;2.640;2.629;2.673;2.552;2.506;2.550;2.611;2.927;3.175;3.332;3.542;3.594;3.620;3.604;3.682;3.115;3.852;3.826;3.942
Ibirapuitã;4309951;-28,6247;-52,5158;1.630;1.764;1.910;1.945;2.463;2.669;2.960;2.528;2.751;4.161;2.193;1.433;1.854;1.929;1.937;2.044;2.138;2.270;2.457;674;127;140;145;169;210;291;599;623
Ibirubá;4310009;-28,6302;-53,0961;12.823;15.092;15.178;14.241;15.127;17.019;19.925;19.371;21.034;22.116;21.811;22.552;22.135;23.237;23.255;23.216;26.208;31.476;32.845;7.350;560;675;553;794;514;468;435;462
Igrejinha;4310108;-29,5693;-50,7919;565;560;546;567;618;652;705;754;797;868;842;864;683;737;829;893;952;974;1.069;1.061;1.090;1.196;1.174;1.334;1.175;1.305;1.394;1.497
Ijuí;4310207;-28,3881;-53,92;26.735;26.970;29.022;30.541;36.661;40.750;45.329;50.141;53.898;54.695;50.544;44.773;49.062;16.593;8.585;3.825;4.294;20.273;22.873;15;4;1;1;1;1;1;0;0
Ilópolis;4310306;-28,9282;-52,1258;557;628;672;679;614;709;845;934;960;1.053;1.106;1.176;1.166;1.367;1.485;1.588;1.732;1.782;1.810;1.857;2.074;2.104;2.060;2.175;2.075;2.156;2.308;2.405
Imbé;4310330;-29,9753;-50,1281;3.512;56;68;93;60;40;46;75;77;54;54;50;11;9;16;12;13;15;18;18;21;21;33;58;61;28;43;34
Imigrante;4310363;-29,3508;-51,7747;717;715;710;749;810;873;647;702;781;808;1.022;1.089;1.283;1.451;1.566;1.634;1.748;1.729;1.900;2.041;2.119;2.434;2.671;2.321;1.534;1.621;1.634;1.648
Independência;4310405;-27,8354;-54,1886;5.129;3.879;4.302;4.609;5.130;5.253;5.064;5.839;2.401;232;81;280;88;269;1.318;1.798;1.209;1.964;1.942;638;797;5.222;1.502;1.915;1.023;2.010;9.260;11.857
Inhacorá;4310413;-27,8752;-54,015;-;-;555;670;839;681;950;1.003;1.031;1.100;1.123;1.184;1.188;612;248;16;18;602;593;24;37;42;45;37;31;39;41;41
Ipê;4310439;-28,8171;-51,2859;1.025;1.232;1.181;1.281;1.349;1.345;1.546;1.685;1.990;2.208;2.226;2.451;3.483;4.033;4.485;4.464;5.065;5.481;5.967;5.981;6.111;7.119;6.594;6.187;5.557;5.503;6.214;6.263
Ipiranga do Sul;4310462;-27,9404;-52,4271;232;247;249;268;326;332;392;570;587;675;654;697;742;798;801;850;794;737;605;642;681;708;716;738;902;876;864;875
Iraí;4310504;-27,1951;-53,2543;768;676;654;736;761;811;888;916;937;1.035;1.014;1.031;940;954;1.095;1.140;1.283;1.267;1.246;1.244;1.225;1.235;1.285;1.348;1.264;1.289;1.408;1.423
Itaara;4310538;-29,6013;-53,7725;-;-;-;-;-;-;777;754;881;854;908;734;760;728;833;931;956;969;1.133;1.153;1.267;1.344;1.436;1.492;1.285;1.286;1.369;1.474
Itacurubi;4310553;-28,7913;-55,2447;1.012;924;1.422;2.509;2.906;1.861;3.042;2.031;2.652;4.149;1.874;2.394;2.670;3.377;3.602;4.630;3.754;4.383;4.442;3.760;4.123;4.820;3.258;3.062;2.652;2.706;1.854;3.251
Itapuca;4310579;-28,7768;-52,1693;-;-;21;27;34;47;57;69;62;88;90;122;131;150;161;146;159;166;202;235;225;243;258;284;262;246;277;279
Itaqui;4310603;-29,131;-56,5515;76.141;78.889;72.906;87.279;82.686;58.252;55.705;54.665;68.757;76.915;51.628;56.554;55.236;62.740;85.981;93.411;73.448;102.884;100.011;113.016;102.527;122.991;110.511;124.729;95.663;106.721;97.782;103.092
Itati;4310652;-29,48832;-50,11358;-;-;-;-;-;-;-;-;-;-;1.197;1.317;1.295;1.339;1.395;1.429;1.459;1.484;1.585;1.635;1.647;1.710;1.766;1.891;1.793;1.858;2.033;1.969
Itatiba do Sul;4310702;-27,3846;-52,4538;1.156;1.239;1.256;1.360;1.311;1.421;1.488;1.587;1.665;1.800;1.729;1.841;1.623;1.751;1.824;1.839;1.968;1.862;1.860;1.837;1.798;1.799;1.748;1.805;1.685;1.590;1.599;1.619
Ivorá;4310751;-29,5232;-53,5842;-;-;-;-;80;324;354;383;441;463;535;613;582;433;506;522;554;563;586;565;598;662;709;759;720;711;736;738
Ivoti;4310801;-29,5995;-51,1533;2.016;1.470;685;664;748;719;906;976;1.347;1.281;1.416;1.469;1.358;1.338;1.553;1.543;1.563;1.591;1.622;1.648;1.705;1.794;1.852;2.004;1.837;1.891;1.982;2.058
Jacutinga;4310900;-27,7291;-52,5372;1.383;1.546;1.093;1.014;987;1.103;1.201;1.370;1.394;1.601;1.605;1.590;1.558;1.634;1.537;1.521;1.515;1.629;1.667;1.768;1.855;1.910;1.923;2.259;1.592;1.728;1.782;1.891
Jaguarão;4311007;-32,5604;-53,377;14.604;14.696;17.056;17.166;16.792;15.553;15.270;13.793;15.441;14.727;11.830;11.790;10.713;12.324;16.764;13.958;12.202;16.013;13.083;12.970;15.584;15.787;15.199;13.937;14.487;17.379;15.727;17.071
Jaguari;4311106;-29,4936;-54,703;2.829;2.990;2.967;3.071;3.207;3.227;3.564;3.383;4.089;4.704;4.165;14.432;4.673;4.751;5.043;5.501;5.399;6.012;5.557;5.333;6.114;5.820;5.577;6.367;5.538;5.654;6.172;6.404
Jaquirana;4311122;-28,8811;-50,3637;162;165;181;181;196;230;259;331;342;400;426;457;443;546;694;886;1.042;1.144;1.200;1.097;1.164;1.295;1.175;1.144;1.012;1.039;1.041;1.180
Jari;4311130;-29,2922;-54,2237;-;-;-;-;-;-;-;237;409;454;490;570;645;728;761;827;898;965;1.027;1.063;1.086;1.154;1.179;1.337;1.248;1.221;1.292;1.367
Jóia;4311155;-28,6435;-54,1141;1.119;1.084;1.098;1.200;1.239;1.127;1.071;1.208;1.413;1.684;1.698;1.938;2.137;2.502;2.421;2.200;2.457;2.262;2.186;2.059;2.378;2.689;2.713;3.445;2.846;3.075;3.482;3.340
Júlio de Castilhos;4311205;-29,2298;-53,6772;2.755;2.742;2.151;2.011;2.330;2.105;1.909;2.234;2.563;2.755;2.934;3.148;2.907;3.370;3.439;3.497;3.935;4.272;4.342;4.689;5.394;5.611;5.661;6.289;5.445;6.440;6.508;6.919
Lagoa Bonita do Sul;4311239;-29,4882;-53,0138;-;-;-;-;-;-;-;-;-;-;-;454;2.041;1.962;2.264;2.353;2.367;2.387;2.555;2.543;2.592;2.490;2.533;3.020;2.748;2.597;2.868;2.944
Lagoa dos Três Cantos;4311270;-28,5676;-52,8618;-;-;-;-;-;-;-;-;-;-;1;3;2;2;3;3;4;3;4;4;5;5;6;5;6;45;290;303
Lagoa Vermelha;4311304;-28,2093;-51,5248;1.790;1.920;1.967;2.115;2.348;2.144;2.180;2.576;2.735;3.208;2.655;3.028;2.738;2.859;2.788;2.779;3.068;3.422;3.935;3.815;4.002;4.223;4.177;4.301;3.822;3.800;4.784;4.699
Lagoão;4311254;-29,2348;-52,7997;38;60;55;66;69;112;258;268;298;310;372;484;523;463;554;640;718;760;813;864;877;865;889;933;867;876;894;947
Lajeado;4311403;-29,4591;-51,9644;88.508;100.791;108.429;112.413;124.310;137.755;143.876;156.278;175.752;185.233;213.063;211.733;209.975;213.719;216.511;239.310;247.158;258.533;261.553;294.488;322.110;341.773;344.101;377.637;391.444;276;296;305
Lajeado do Bugre;4311429;-27,6913;-53,1818;-;-;61;134;129;127;129;134;142;169;182;201;189;216;223;250;276;279;302;305;323;353;355;381;339;317;348;376
Lavras do Sul;4311502;-30,8071;-53,8931;453;514;591;639;699;679;659;615;833;910;838;1.004;1.106;1.207;1.708;1.615;1.753;2.039;2.050;2.360;2.615;2.702;2.699;2.939;2.898;2.929;2.581;2.760
Liberato Salzano;4311601;-27,601;-53,0753;1.371;1.105;1.082;1.326;1.352;1.459;1.574;1.614;1.743;2.221;2.155;2.346;2.271;2.474;2.616;2.666;2.730;2.783;2.951;2.935;3.002;3.137;3.092;3.248;3.255;3.037;3.147;3.211
Lindolfo Collor;4311627;-29,5859;-51,2141;-;-;262;321;342;328;416;445;542;643;605;587;600;561;584;596;621;630;716;741;732;770;806;839;756;771;847;863
Linha Nova;4311643;-29,4679;-51,2003;-;-;465;439;473;453;471;530;611;674;669;633;587;653;685;689;713;728;725;741;864;938;918;1.047;1.017;1.112;1.165;1.245
Maçambará;4311718;-29,1445;-56,0674;-;-;-;-;-;-;371;3.805;5.628;7.206;5.879;6.272;7.292;11.021;9.891;13.050;10.234;13.190;12.697;14.101;14.120;13.425;16.608;19.510;14.212;17.882;17.368;20.029
Machadinho;4311700;-27,5667;-51,6668;765;865;901;1.015;1.074;1.202;1.310;1.449;1.508;1.515;1.487;1.585;1.552;1.783;1.847;1.960;2.000;2.082;2.410;2.168;1.928;2.014;2.104;2.290;2.131;2.113;2.199;2.307
Mampituba;4311734;-29,2136;-49,9311;-;-;-;-;-;-;454;916;1.025;1.158;1.125;1.185;1.250;1.282;1.358;1.425;1.471;1.482;1.562;1.603;1.611;1.722;1.876;2.072;2.022;2.102;2.248;2.231
Manoel Viana;4311759;-29,5859;-55,4841;-;-;448;1.698;1.688;1.641;1.310;1.131;1.803;1.767;1.406;1.900;1.616;2.342;3.158;3.486;3.577;3.835;4.605;4.424;4.709;4.900;4.668;5.080;4.284;4.212;4.739;5.050
Maquiné;4311775;-29,6798;-50,2079;-;-;1.310;1.558;1.751;1.982;1.628;1.693;1.786;2.067;2.022;2.102;2.135;2.195;2.381;2.512;2.580;2.603;2.783;2.825;2.886;2.943;3.002;3.457;3.473;3.809;4.022;4.038
Maratá;4311791;-29,5457;-51,5573;-;-;642;739;786;759;787;901;995;1.023;1.226;1.358;1.405;1.321;1.436;1.486;1.545;1.691;1.765;1.875;2.011;2.171;2.375;2.539;2.473;2.488;2.624;2.896
Marau;4311809;-28,4498;-52,1986;7.140;7.960;8.118;7.621;9.637;10.294;11.488;14.891;17.596;18.567;18.771;19.515;21.093;21.506;21.037;20.486;23.675;24.736;24.303;5.855;519;530;450;484;580;654;799;813
Marcelino Ramos;4311908;-27,4676;-51,9095;1.522;1.475;1.514;1.481;1.529;1.686;1.826;1.879;2.013;2.103;2.123;2.267;2.054;2.129;2.280;2.282;2.648;2.469;2.532;2.457;2.536;2.633;2.624;2.821;2.750;2.696;2.767;3.014
Mariana Pimentel;4311981;-30,3531;-51,5803;-;-;821;1.046;1.156;1.075;1.086;1.201;1.328;1.527;1.601;1.701;1.812;1.969;2.063;2.019;2.051;2.057;2.200;2.283;2.384;2.470;2.587;2.844;2.553;2.553;2.901;2.775
Mariano Moro;4312005;-27,3568;-52,1467;804;836;864;821;953;943;1.053;1.081;1.145;1.178;1.342;1.475;1.334;1.357;1.477;1.563;1.569;1.687;1.640;1.641;1.665;1.685;1.927;1.998;1.920;1.815;1.867;1.871
Mata;4312104;-29,5649;-54,4641;1.298;1.422;1.397;1.466;1.713;1.537;1.755;1.494;1.951;2.044;1.937;2.087;2.050;2.252;2.731;2.533;2.705;2.947;3.079;2.833;3.225;3.373;2.975;3.287;2.650;2.580;2.694;3.028
Mato Leitão;4312153;-29,5285;-52,1278;-;-;941;1.079;1.227;1.325;1.421;1.419;1.468;1.476;1.804;1.897;1.967;1.978;2.141;2.314;2.568;2.691;2.972;3.211;3.259;3.324;3.514;3.759;3.283;3.000;3.407;3.403
Maximiliano de Almeida;4312203;-27,6325;-51,8021;940;1.054;1.078;1.144;1.178;1.314;1.360;1.476;1.392;1.528;1.508;1.592;1.453;1.535;1.612;1.636;1.688;1.751;1.803;1.754;1.797;1.828;1.877;1.995;1.814;1.786;1.847;1.938
Minas do Leão;4312252;-30,1346;-52,0423;-;-;693;865;1.029;740;484;779;1.466;1.785;1.262;1.320;1.282;1.799;2.207;2.268;2.099;2.553;2.292;1.868;2.385;1.799;1.598;1.725;999;953;993;1.254
Miraguaí;4312302;-27,497;-53,6891;631;767;957;985;989;1.052;1.134;1.200;1.319;1.457;1.491;1.507;1.571;1.697;1.830;1.921;2.045;1.975;2.173;1.564;996;1.026;1.033;1.104;1.214;1.222;1.572;1.783
Montauri;4312351;-28,6462;-52,0767;135;143;158;182;197;211;229;241;242;276;288;297;288;314;331;351;392;418;420;447;472;509;512;542;529;527;539;572
Monte Alegre dos Campos;4312377;-28,6805;-50,7834;-;-;-;-;-;-;354;467;542;656;716;747;825;923;986;1.032;1.145;1.209;1.293;1.310;1.395;1.497;1.663;1.786;1.741;1.920;2.077;1.993
Monte Belo do Sul;4312385;-29,1607;-51,6333;-;-;1.203;1.302;1.240;1.376;1.477;1.537;1.552;1.687;1.626;1.629;1.576;1.636;1.675;1.713;1.741;1.793;1.870;1.800;1.806;1.851;1.904;1.948;1.953;1.892;2.013;2.058
Montenegro;4312401;-29,6824;-51,4679;2.646;2.938;1.812;1.724;1.950;1.995;2.355;3.480;3.919;4.034;4.658;5.193;5.605;5.699;6.262;6.797;7.410;8.914;17.406;28.231;30.738;32.659;15.380;10.993;8.681;7.462;6.288;6.408
Mormaço;4312427;-28,6968;-52,6999;-;-;163;185;176;188;214;301;358;414;442;471;466;502;549;580;650;693;725;708;774;773;795;867;894;886;960;989
Morrinhos do Sul;4312443;-29,3578;-49,9328;-;-;1.159;1.274;1.491;1.526;1.514;1.511;1.686;1.876;1.809;1.925;1.949;2.050;2.179;2.207;2.255;2.341;2.472;2.513;2.454;2.509;2.608;2.899;2.865;2.866;3.061;3.035
Morro Redondo;4312450;-31,5887;-52,6261;1.221;1.241;1.293;1.307;1.402;1.594;1.748;1.824;1.982;2.111;2.313;2.269;2.290;2.528;2.538;2.556;2.610;2.622;2.610;2.673;2.819;2.942;3.049;3.227;3.038;2.886;3.011;2.966
Morro Reuter;4312476;-29,5379;-51,0811;-;-;732;749;615;659;786;938;1.240;1.145;1.294;1.273;1.311;1.230;1.282;1.315;1.443;1.486;1.550;1.639;1.698;1.833;1.799;1.971;1.848;1.920;2.093;2.134
Mostardas;4312500;-31,1054;-50,9167;9.310;10.543;10.657;11.082;11.509;12.128;12.262;11.917;14.244;14.984;13.717;14.430;14.887;15.921;20.925;19.602;18.959;21.717;22.222;23.962;23.255;25.789;25.747;28.333;27.003;26.017;27.763;29.011
Muçum;4312609;-29,163;-51,8714;2.175;1.608;1.631;1.799;1.810;1.643;726;749;812;773;929;984;757;672;854;900;968;1.035;1.143;1.238;1.268;1.255;1.284;1.316;1.191;1.206;1.229;1.339
Muitos Capões;4312617;-28,3132;-51,1836;-;-;-;-;-;-;889;1.836;1.685;1.990;1.971;2.311;2.497;2.577;2.580;2.872;3.103;3.146;3.162;3.081;3.206;3.207;3.276;3.608;3.610;3.347;3.850;4.054
Muliterno;4312625;-28,3253;-51,7697;-;-;-;73;118;125;123;126;134;145;143;167;162;178;186;195;208;222;255;233;251;261;269;298;230;348;313;302
Não-Me-Toque;4312658;-28,4548;-52,8182;3.974;3.314;3.422;3.413;4.157;4.331;4.482;4.718;4.809;5.246;5.107;5.348;5.457;5.706;6.138;6.453;6.805;7.414;7.621;2.338;842;766;638;1.100;982;658;471;462
Nonoai;4312708;-27,3689;-52,7756;2.510;2.856;1.887;1.821;1.976;2.244;2.468;2.636;2.794;3.025;3.058;3.093;1.891;705;883;820;1.093;711;1.307;837;858;905;931;1.021;1.030;1.005;1.001;1.060
Nova Alvorada;4312757;-28,6822;-52,1631;-;-;672;1.405;1.488;1.635;1.754;1.990;2.093;2.537;2.851;3.335;3.776;4.075;4.092;4.208;5.018;5.316;5.449;5.754;6.247;6.571;6.888;7.211;6.612;6.287;6.309;6.386
Nova Araçá;4312807;-28,6537;-51,7458;1.682;1.731;1.859;2.098;2.263;2.457;2.778;2.938;2.943;3.355;3.455;3.567;3.546;3.732;3.751;4.004;4.376;5.016;5.119;5.176;5.415;5.705;5.806;6.099;5.875;5.990;6.255;5.762
Nova Bassano;4312906;-28,7291;-51,7072;2.438;3.329;3.372;3.715;3.780;3.952;4.267;4.597;4.599;4.611;3.337;2.884;2.740;2.860;2.942;2.767;2.878;3.379;3.443;3.370;3.451;3.596;3.644;3.851;3.840;3.792;3.915;4.102
Nova Boa Vista;4312955;-27,9926;-52,9784;-;-;603;934;984;1.085;1.130;1.151;1.204;1.426;1.413;1.400;1.330;1.373;1.402;1.428;1.461;1.607;1.643;1.661;1.685;1.726;1.731;1.815;1.737;1.736;1.824;1.878
Nova Bréscia;4313003;-29,2182;-52,0319;1.811;1.949;2.090;2.221;2.445;2.489;2.523;2.500;3.231;3.306;4.279;4.457;4.231;4.044;5.009;5.280;5.607;6.178;6.452;6.533;6.920;7.401;7.411;8.225;7.919;8.957;9.576;9.350
Nova Candelária;4313011;-27,6137;-54,1074;-;-;-;-;-;-;1.782;2.142;2.249;2.667;2.842;2.914;2.805;2.963;3.251;3.362;3.583;3.768;3.968;4.011;3.864;3.809;3.789;4.065;4.162;4.157;4.375;4.493
Nova Esperança do Sul;4313037;-29,4066;-54,8293;807;398;437;480;503;529;615;588;735;816;821;870;782;699;827;898;908;920;927;890;993;991;942;1.023;966;978;1.061;1.117
Nova Hartz;4313060;-29,5807;-50,9051;243;249;255;257;253;269;309;312;367;406;422;433;298;365;431;476;554;578;631;653;743;798;842;933;823;963;1.055;1.063
Nova Pádua;4313086;-29,0275;-51,3098;-;-;1.106;1.357;1.497;1.426;1.482;1.628;1.954;1.854;2.079;2.106;1.937;2.190;2.135;2.304;2.308;2.501;2.485;2.779;2.479;2.788;2.726;2.935;3.096;2.953;3.383;3.206
Nova Palma;4313102;-29,471;-53,4689;-;-;86;95;54;54;34;-;-;-;-;-;-;-;-;-;-;-;-;-;0;16;16;13;8;16;14;14
Nova Petrópolis;4313201;-29,3741;-51,1135;3.918;4.086;3.455;3.561;3.967;4.149;4.455;4.364;4.612;5.125;5.130;5.035;4.769;5.333;5.692;5.986;6.062;6.146;6.405;6.546;6.296;6.486;6.230;6.516;6.359;6.500;6.710;6.917
Nova Prata;4313300;-28,7799;-51,6113;1.736;1.768;1.753;1.838;2.017;2.050;2.346;2.450;2.425;2.599;3.043;3.477;3.166;3.426;3.663;3.798;4.089;4.354;4.274;4.056;4.087;4.199;4.184;4.462;4.380;4.321;4.553;4.700
Nova Roma do Sul;4313359;-28,9882;-51,4095;771;850;912;979;970;1.136;1.341;1.364;1.627;1.727;1.761;1.928;1.840;1.992;1.988;2.123;2.166;2.322;2.240;2.302;2.332;2.560;2.659;3.010;2.891;2.922;3.295;3.453
Nova Santa Rita;4313375;-29,8525;-51,2837;-;-;800;916;1.081;979;1.192;1.222;1.394;1.522;1.402;1.402;1.286;1.423;1.437;1.544;1.728;1.914;1.858;1.965;2.178;2.395;2.424;2.881;2.491;2.429;2.635;3.024
Novo Barreiro;4313490;-27,9077;-53,1103;-;-;671;954;968;1.040;1.169;1.247;1.276;1.436;1.492;1.667;1.706;1.791;1.540;1.522;1.615;1.993;2.140;1.760;1.713;1.775;1.886;2.020;1.886;1.917;2.063;2.160
Novo Cabrais;4313391;-29,7338;-52,9489;-;-;-;-;-;-;-;280;256;256;266;294;327;332;353;379;400;435;434;450;462;473;484;537;467;465;505;519
Novo Hamburgo;4313409;-29,6876;-51,1328;1.254;1.151;1.232;1.348;1.537;1.459;75;63;2.077;2.020;2.200;2.254;2.503;2.558;2.826;2.960;3.194;3.244;3.451;3.726;3.798;4.150;4.330;4.575;3.762;3.870;4.339;4.731
Novo Machado;4313425;-27,5765;-54,5036;-;-;2.193;2.740;2.859;2.951;3.231;3.289;3.345;3.408;3.156;3.537;3.475;3.564;3.653;3.684;3.757;3.833;3.969;3.943;3.990;4.141;4.005;4.012;3.989;4.123;4.320;3.865
Novo Xingu;4313466;-27,7431;-53,0616;-;-;-;-;-;-;-;-;-;-;459;546;534;670;771;1.112;1.231;1.313;1.319;1.298;1.373;1.383;1.626;1.501;1.432;1.389;1.461;1.524
Osório;4313508;-29,8881;-50,2667;5.052;4.863;3.797;3.607;4.135;4.043;3.483;3.566;4.129;4.109;3.497;3.763;4.357;4.865;5.660;5.571;6.041;6.234;6.529;6.465;6.321;6.395;5.908;5.821;5.824;5.733;5.993;6.317
Paim Filho;4313607;-27,7075;-51,763;1.651;1.106;1.150;1.272;1.294;1.472;1.411;1.591;1.631;1.785;1.867;1.956;1.874;1.972;2.102;2.119;2.228;2.277;2.377;2.403;2.433;2.611;2.694;2.803;2.761;2.676;2.763;2.861
Palmares do Sul;4313656;-30,2535;-50,5103;14.575;17.826;18.701;16.554;17.802;15.776;14.525;9.005;12.236;12.769;10.011;11.560;11.951;13.935;16.987;15.608;16.716;17.532;17.686;19.185;18.822;19.718;20.328;21.107;17.682;16.418;15.664;16.157
Palmeira das Missões;4313706;-27,9006;-53,3134;15.360;16.147;15.790;6.363;3.061;3.344;3.469;5.077;7.339;10.701;10.657;9.403;8.967;10.724;10.587;10.229;13.348;14.931;14.570;8.892;4.137;4.316;4.190;4.902;4.909;5.065;5.908;6.403
Palmitinho;4313805;-27,3596;-53,558;2.893;1.728;1.151;952;1.043;1.193;1.410;1.441;1.458;1.711;1.684;1.736;1.699;1.681;1.862;1.937;2.098;2.237;2.262;2.366;2.652;2.513;2.586;2.805;2.829;2.738;2.951;3.130
Panambi;4313904;-28,2833;-53,5023;9.941;8.855;9.424;10.320;10.273;11.984;12.793;12.482;13.170;13.924;13.882;14.543;14.596;15.318;15.870;15.280;15.470;17.150;17.424;4.224;0;0;0;-;-;0;0;0
Pantano Grande;4313953;-30,1901;-52,3729;2.483;2.084;2.374;2.310;2.700;2.166;2.116;1.953;2.817;3.498;2.426;2.656;2.103;2.098;2.215;2.410;2.234;2.615;2.857;3.526;3.923;4.207;3.799;4.143;3.773;3.792;4.126;4.499
Paraí;4314001;-28,5964;-51,7896;1.459;1.616;1.702;1.860;1.922;1.845;1.914;2.126;2.129;2.309;2.616;2.948;2.506;2.585;2.687;2.985;3.163;3.527;3.385;3.257;3.538;3.602;3.825;4.046;3.983;3.975;4.367;4.491
Paraíso do Sul;4314027;-29,6717;-53,144;3.577;4.056;4.218;4.663;4.952;5.196;6.121;5.663;6.355;6.613;7.782;9.191;9.152;8.493;9.455;9.467;9.429;9.885;10.391;10.302;11.279;11.576;11.418;12.836;11.713;11.770;12.249;12.352
Pareci Novo;4314035;-29,6365;-51,3974;-;-;1.073;1.221;1.403;1.402;1.328;1.515;1.758;1.980;2.074;2.038;2.166;2.095;2.242;2.668;3.129;3.513;3.818;4.061;4.099;4.312;4.202;4.580;4.182;4.408;4.540;4.565
Parobé;4314050;-29,6243;-50,8312;399;460;501;510;535;569;603;722;814;883;961;965;830;927;1.038;1.140;1.251;1.268;1.439;1.495;1.590;1.727;1.780;1.941;1.754;1.811;1.975;2.068
Passa Sete;4314068;-29,4577;-52,9599;-;-;-;-;-;-;1.420;1.433;1.520;1.641;2.025;2.325;2.538;2.502;2.900;3.009;3.010;2.979;3.269;3.353;3.550;3.826;3.935;4.472;4.199;3.887;4.325;4.548
Passo do Sobrado;4314076;-29,748;-52,2748;-;-;2.925;3.447;3.481;4.008;4.357;4.558;5.112;5.076;5.691;6.042;6.387;6.291;6.815;6.968;7.370;7.487;7.860;8.317;8.726;8.669;8.948;10.070;9.700;1.855;1.983;3.020
Passo Fundo;4314100;-28,2576;-52,4091;12.734;13.168;13.274;13.000;16.036;18.049;20.500;21.147;24.063;24.785;28.375;29.085;29.874;33.153;31.997;30.570;35.398;38.564;41.813;12.480;3.105;3.398;3.360;3.375;3.097;3.031;3.067;8.356
Paulo Bento;4314134;-27,6978;-52,4261;-;-;-;-;-;-;-;-;-;-;671;685;601;805;1.140;1.227;1.294;1.281;1.422;1.425;1.435;1.484;1.484;1.573;1.593;1.578;1.645;1.688
Paverama;4314159;-29,5485;-51,7339;483;468;449;464;488;472;335;369;487;477;585;638;658;604;669;672;700;697;704;731;726;726;762;828;740;780;836;856
Pedras Altas;4314175;-31,7217;-53,5838;-;-;-;-;-;-;-;-;-;-;15;172;281;1.814;1.826;1.630;1.500;1.694;1.830;1.861;2.109;2.341;1.943;2.005;2.379;2.432;2.174;2.740
Pedro Osório;4314209;-31,8642;-52,8184;2.415;2.514;2.166;2.427;3.433;3.389;2.297;1.698;2.104;1.825;1.051;1.496;1.514;1.772;2.642;2.223;1.929;1.889;1.771;2.586;2.528;2.587;2.296;2.249;2.341;2.378;2.391;2.207
Pejuçara;4314308;-28,4283;-53,6579;52;5;19;19;29;26;30;31;28;24;26;23;25;30;32;40;48;44;45;56;67;84;90;81;90;70;74;109
Pelotas;4314407;-31,7649;-52,3371;16.590;15.514;15.438;16.513;17.887;17.155;16.014;15.724;18.069;17.518;18.282;17.422;18.517;20.683;19.513;20.657;20.206;23.280;21.307;24.140;25.625;24.985;23.930;24.833;25.582;26.447;26.954;27.778
Picada Café;4314423;-29,4464;-51,1367;-;-;864;919;800;867;981;1.038;937;1.060;1.032;1.208;1.069;1.067;1.156;1.176;1.255;1.219;1.306;1.329;1.270;1.314;1.327;1.480;1.388;1.487;1.476;1.532
Pinhal da Serra;4314464;-27,8634;-51,1702;-;-;-;-;-;-;-;-;-;-;441;547;525;552;594;621;672;728;795;876;929;1.024;1.087;1.222;1.076;1.305;1.370;1.385
Pinhal Grande;4314472;-29,345;-53,3207;-;-;604;765;837;811;947;1.127;1.269;1.345;1.295;1.366;1.321;1.359;1.466;1.482;1.598;1.611;1.707;1.748;1.768;1.748;1.754;1.963;1.848;1.951;1.951;1.986
Pinheirinho do Vale;4314498;-27,2109;-53,608;-;-;625;1.061;1.093;1.223;1.363;1.395;1.563;1.878;1.822;1.990;1.843;2.093;2.291;2.340;2.586;2.670;2.845;2.824;2.939;3.025;3.092;3.300;3.256;3.406;3.613;3.693
Pinheiro Machado;4314506;-31,5794;-53,3798;554;612;545;545;615;714;716;754;796;876;948;1.052;1.107;1.114;1.241;1.298;1.432;1.538;1.583;1.678;1.810;1.840;1.928;2.011;1.930;1.909;2.121;1.960
Pinto Bandeira;4314548;-29;-54;-;-;-;-;-;-;-;-;-;-;-;-;-;-;-;-;-;-;-;-;-;-;3.452;4.595;4.007;3.402;4.174;3.589
Pirapó;4314555;-28,0439;-55,2001;656;647;748;779;794;950;1.050;1.147;1.207;1.319;1.293;1.282;1.349;1.385;1.329;1.493;1.544;1.576;1.571;793;369;426;404;437;414;353;430;503
Piratini;4314605;-31,4473;-53,0973;802;875;1.106;1.158;1.280;1.574;2.080;2.157;2.290;2.474;2.898;3.059;3.140;3.464;3.623;3.666;3.844;4.000;4.308;4.531;4.558;4.631;4.780;4.929;4.657;4.961;5.324;5.718
Planalto;4314704;-27,3297;-53,0575;6.278;6.709;6.011;1.798;1.821;1.843;1.978;2.063;2.179;2.483;2.324;2.397;2.427;2.598;2.818;2.781;3.004;3.045;2.972;2.894;2.941;2.990;3.010;3.170;3.237;3.230;3.346;3.539
Poço das Antas;4314753;-29,4481;-51,6719;-;-;-;-;-;-;-;-;-;-;-;-;-;-;-;-;-;-;-;-;36;35;34;36;31;10;5;7
Ponte Preta;4314787;-27,6587;-52,4848;-;-;615;738;863;883;965;1.035;1.006;1.211;1.181;1.252;1.131;1.241;1.248;1.349;1.493;1.485;1.615;1.564;1.669;1.721;1.830;1.886;1.844;1.791;1.811;1.955
Portão;4314803;-29,7015;-51,2429;489;508;548;583;652;624;553;629;772;758;798;838;914;949;1.067;1.211;1.397;1.413;1.503;1.581;1.561;1.686;1.653;1.723;1.461;1.563;1.602;1.617
Porto Alegre;4314902;-30,032778;-51,23;9.009;8.456;9.195;9.139;9.790;9.331;9.676;9.141;9.706;8.510;7.059;7.101;6.668;4.313;3.161;3.498;3.022;2.777;2.751;2.903;3.022;2.878;2.808;2.892;2.615;2.727;2.519;2.596
Porto Lucena;4315008;-27,8569;-55,01;2.294;184;167;185;214;237;348;412;412;448;433;444;437;463;479;484;502;531;587;450;472;486;492;492;491;500;524;514
Porto Mauá;4315057;-27,5796;-54,6657;-;-;494;600;642;701;748;783;795;879;881;902;849;873;904;966;1.016;1.062;1.095;1.121;1.157;1.245;1.209;1.268;1.233;1.230;1.285;1.307
Porto Vera Cruz;4315073;-27,7405;-54,8994;-;-;101;115;137;164;185;212;224;250;264;277;260;280;299;300;296;312;308;289;294;303;314;324;315;335;353;353
Porto Xavier;4315107;-27,9082;-55,1379;2.165;2.144;2.211;2.250;2.491;2.882;3.121;3.359;3.786;4.054;4.234;4.366;4.334;4.552;4.774;5.039;5.115;5.394;5.521;2.322;1.002;1.044;1.047;1.121;1.123;1.114;1.135;1.214
Presidente Lucena;4315149;-29,5176;-51,1798;-;-;515;519;554;562;744;829;1.044;995;1.141;1.182;1.220;1.183;1.265;1.393;1.502;1.496;1.579;1.646;1.751;1.949;2.079;2.251;2.069;2.153;2.349;2.449
Protásio Alves;4315172;-28,7572;-51,4757;530;557;597;612;647;624;706;760;966;1.084;1.089;1.500;1.466;1.603;1.633;1.701;1.936;2.147;2.225;2.240;2.349;2.333;2.366;2.406;2.406;2.527;2.692;2.813
Putinga;4315206;-29,0045;-52,1569;-;-;-;-;-;-;-;-;3;-;-;-;-;-;-;-;-;-;-;-;0;0;638;2.332;2.240;2.209;2.224;5.117
Quaraí;4315305;-30,384;-56,4483;6.012;5.978;7.084;7.352;7.027;5.865;6.384;5.132;6.982;6.277;5.776;6.359;7.237;9.958;10.279;12.254;8.692;13.953;13.158;14.136;13.465;12.203;14.271;13.078;12.937;13.206;11.728;14.248
Quatro Irmãos;4315313;-27,8163;-52,4419;-;-;-;-;-;-;-;-;-;-;973;1.111;819;1.027;1.038;1.132;1.109;1.173;1.310;1.253;1.260;1.266;1.283;1.288;1.264;1.212;1.314;1.343
Quevedos;4315321;-29,3504;-54,0789;-;-;148;224;259;308;358;380;456;468;686;817;741;648;801;885;960;1.008;1.088;1.087;1.136;1.202;1.227;1.354;1.220;1.227;1.280;1.318
Quinze de Novembro;4315354;-28,7465;-53,1011;76;85;78;48;58;68;124;152;169;181;177;201;186;186;190;207;226;240;247;266;285;301;337;386;385;416;484;507
Redentora;4315404;-27,664;-53,6407;1.590;1.395;1.464;1.541;1.609;1.658;1.794;1.939;2.065;2.122;2.179;2.240;2.050;1.886;1.900;1.952;2.048;2.325;2.629;2.242;1.996;2.017;2.034;1.939;1.831;2.023;2.135;2.130
Relvado;4315453;-29,1164;-52,0778;580;632;583;628;677;685;612;688;705;669;797;923;796;694;875;945;988;1.008;1.021;1.050;1.025;971;920;981;901;913;962;941
Restinga Sêca;4315503;-29,8188;-53,3807;1.629;1.628;1.636;1.702;2.091;2.048;2.529;1.635;2.920;3.477;2.001;2.808;2.357;2.953;3.523;3.757;3.351;3.842;3.686;2.355;4.590;4.212;3.647;3.902;2.776;2.404;3.289;4.072
Rio dos Índios;4315552;-27,2973;-52,8417;-;-;781;1.048;1.051;1.126;1.242;1.297;1.265;1.370;1.399;1.403;1.258;1.420;1.513;1.583;1.650;1.653;1.658;1.636;1.684;1.751;1.863;2.010;1.980;1.917;1.959;1.986
Rio Grande;4315602;-32,0349;-52,1071;18.086;20.707;20.001;21.871;20.874;14.664;15.278;16.441;16.186;16.514;13.442;11.579;12.506;13.102;18.449;18.163;16.539;20.615;18.256;22.329;21.617;24.728;22.054;23.914;24.147;25.123;25.308;26.818
Rio Pardo;4315701;-29,988;-52,3711;8.831;8.379;6.022;5.856;6.590;6.624;7.655;6.740;8.562;8.556;9.201;10.373;10.686;10.750;11.171;10.752;10.993;11.766;11.674;11.881;12.680;13.169;12.509;13.485;12.610;8.005;8.769;9.637
Riozinho;4315750;-29,639;-50,4488;299;333;350;375;468;556;613;722;813;967;1.177;1.423;1.262;1.372;1.458;1.446;1.526;1.376;1.384;1.331;1.406;1.469;1.378;1.351;1.146;1.172;1.261;1.364
Roca Sales;4315800;-29,2884;-51,8658;2.479;2.654;2.636;2.702;2.846;2.499;2.382;2.688;2.942;2.929;3.759;4.199;3.823;3.248;4.026;4.288;4.630;4.780;4.836;4.946;5.166;5.378;5.275;5.771;5.364;5.603;6.232;6.304
Rolador;4315958;-28,25767;-54,81864;-;-;-;-;-;-;-;-;-;-;335;331;320;329;337;361;378;398;398;400;414;423;411;430;411;389;413;421
Rolante;4316006;-29,6462;-50,5819;1.174;1.307;1.456;1.633;1.810;1.824;2.174;2.802;2.990;3.106;3.085;2.924;2.661;3.002;3.260;3.329;3.464;3.741;3.801;3.906;4.065;4.703;4.382;4.828;4.564;4.400;4.670;4.906
Ronda Alta;4316105;-27,7758;-52,8056;2.776;2.802;3.032;3.324;3.226;3.742;1.359;942;974;1.149;1.121;1.126;977;950;940;865;875;1.003;1.080;1.071;1.105;1.147;1.117;1.187;1.257;1.211;1.266;1.282
Rondinha;4316204;-27,8315;-52,9081;1.785;1.834;1.771;2.147;2.140;2.425;2.555;2.568;2.616;3.038;3.058;3.207;3.031;3.209;3.329;3.370;3.346;4.068;4.258;4.198;4.365;4.620;4.691;4.892;4.852;4.846;5.125;5.287
Roque Gonzales;4316303;-28,1297;-55,0266;1.429;797;931;1.020;1.119;1.128;1.273;1.390;1.473;1.633;1.672;1.632;1.627;1.716;1.824;1.918;2.016;2.037;2.233;2.307;2.359;2.427;2.385;2.577;2.593;2.356;2.574;2.704
Rosário do Sul;4316402;-30,2515;-54,9221;5.010;4.467;4.071;4.416;5.925;4.919;5.517;3.798;6.212;5.837;5.839;5.139;5.667;6.161;6.710;7.628;7.708;8.993;9.094;8.459;10.615;10.892;10.187;10.378;9.675;10.318;10.178;12.873
Sagrada Família;4316428;-27,7085;-53,1351;-;-;249;398;395;436;446;527;561;689;635;662;631;689;733;787;852;893;1.020;1.009;1.006;1.039;1.082;1.147;1.038;995;1.056;1.077
Saldanha Marinho;4316436;-28,3941;-53,097;76;12;6;...;1;13;21;30;31;17;17;16;13;14;15;16;18;23;19;16;10;10;11;13;17;20;17;18
Salto do Jacuí;4316451;-29,0951;-53,2133;84;92;103;89;113;122;128;133;1.845;2.418;2.187;2.151;2.138;2.736;3.359;4.434;7.242;12.067;11.499;2.720;426;469;484;725;655;637;612;564
Salvador das Missões;4316477;-28,1233;-54,8373;-;-;186;213;226;250;309;375;384;401;480;594;575;642;672;735;771;757;776;876;932;1.018;1.032;1.188;1.144;1.291;1.409;1.500
Salvador do Sul;4316501;-29,4386;-51,5077;618;614;655;667;732;729;758;854;990;990;1.114;1.323;442;456;493;486;539;567;566;574;580;590;600;643;607;668;779;818
Sananduva;4316600;-27,947;-51,8079;3.589;3.734;4.008;4.243;4.552;4.803;5.071;5.337;5.383;5.806;5.941;5.141;4.961;4.837;4.457;6.226;6.571;5.549;6.303;4.651;3.058;3.176;3.239;3.419;3.390;3.358;3.445;3.611
Santa Bárbara do Sul;4316709;-28,3653;-53,251;1.237;1.206;1.078;1.080;1.355;1.810;1.977;2.894;3.420;3.685;3.532;3.486;4.505;5.302;5.849;4.340;4.424;6.049;5.867;1.464;352;358;400;884;806;1.098;1.217;1.095
Santa Clara do Sul;4316758;-29,4747;-52,0843;-;-;-;-;-;91;96;103;126;137;153;155;147;120;144;157;165;156;157;158;167;181;185;209;196;151;222;214
Santa Cruz do Sul;4316808;-29,722;-52,4343;11.318;12.012;6.512;6.002;6.317;7.081;8.118;7.869;8.908;8.447;9.749;11.193;11.266;9.369;10.934;11.762;12.546;13.186;13.826;14.530;15.132;15.184;15.492;16.676;15.050;15.307;15.885;16.143
Santa Margarida do Sul;4316972;-30,3296;-54,0823;-;-;-;-;-;-;-;-;-;-;-;180;1.175;958;1.071;1.187;1.046;1.336;1.361;1.520;1.502;1.464;1.481;1.708;1.450;1.566;1.434;1.909
Santa Maria;4316907;-29,6868;-53,815;8.835;8.592;8.438;8.605;9.574;9.990;11.648;8.916;10.257;10.668;12.013;12.951;12.332;12.542;14.862;15.188;15.715;16.379;16.425;16.408;17.842;18.836;18.232;18.894;16.472;17.327;17.757;18.686
Santa Maria do Herval;4316956;-29,4902;-50,9919;1.001;1.119;1.337;1.359;1.443;1.274;1.090;1.276;1.702;1.627;1.885;1.853;1.901;1.835;1.970;1.989;2.105;2.136;2.259;2.362;2.395;2.500;2.677;2.875;2.812;2.864;3.011;3.056
Santa Rosa;4317202;-27,8702;-54,4796;11.105;11.494;11.343;12.001;13.069;13.898;15.353;16.569;17.333;17.610;17.022;15.429;14.516;14.664;15.781;16.735;16.995;19.985;19.859;11.849;4.429;4.628;4.328;4.491;4.296;4.595;5.145;5.281
Santa Tereza;4317251;-29,1655;-51,7351;-;-;1.049;1.171;1.169;1.260;1.499;1.469;1.455;1.472;1.429;1.403;1.508;1.538;1.920;1.962;1.594;1.593;1.133;1.169;1.186;1.196;1.265;917;827;842;869;882
Santa Vitória do Palmar;4317301;-33,525;-53,3717;18.328;19.820;19.275;19.486;21.123;18.188;21.380;20.174;19.642;32.807;36.395;45.312;46.984;62.333;84.386;66.842;58.666;12.996;67.414;76.060;83.239;84.346;74.333;68.523;75.561;80.235;78.917;85.568
Santana da Boa Vista;4317004;-30,8697;-53,11;196;209;251;311;335;412;429;502;550;581;776;855;896;915;1.073;1.217;1.383;1.617;1.751;1.799;1.849;1.914;2.002;2.072;1.833;1.922;2.053;2.152
Santana do Livramento;4317103;-30,8877;-55,5315;1.797;1.792;1.843;1.919;2.222;2.321;2.564;2.291;2.780;2.800;3.254;3.604;3.540;4.366;5.556;5.877;5.638;6.268;6.335;6.464;7.950;8.765;8.774;8.838;7.545;7.707;8.146;9.793
Santiago;4317400;-29,1897;-54,8666;3.281;2.426;2.494;2.600;2.994;3.201;3.450;3.492;4.059;4.280;5.621;4.625;3.663;3.586;3.912;4.122;4.269;4.359;4.559;4.687;5.059;5.149;5.363;6.051;5.727;6.212;6.413;6.510
Santo Ângelo;4317509;-28,3001;-54,2668;3.889;3.551;3.479;3.501;3.968;4.545;5.207;5.527;5.603;5.540;5.408;5.606;5.583;5.852;6.092;6.345;6.553;6.803;6.266;5.880;6.094;6.515;6.640;7.462;7.316;8.214;8.882;9.208
Santo Antônio da Patrulha;4317608;-29,8268;-50,5175;8.284;8.621;9.195;9.333;9.429;9.546;9.889;8.610;10.026;10.033;9.049;10.167;10.252;10.854;12.010;11.974;12.381;3.131;13.596;13.165;13.894;14.724;14.540;16.312;15.448;15.970;16.474;16.754
Santo Antônio das Missões;4317707;-28,514;-55,2251;1.040;1.105;878;1.235;1.370;1.310;1.662;1.460;1.866;1.929;1.967;2.611;2.572;3.217;4.016;3.406;3.598;4.364;4.211;5.291;5.865;5.062;4.636;4.959;4.461;5.049;6.255;5.044
Santo Antônio do Palma;4317558;-28,4956;-52,0267;-;-;273;321;331;560;835;969;1.128;1.252;1.252;1.077;934;973;1.326;1.493;1.636;1.741;1.200;1.217;1.301;1.313;1.269;1.960;1.926;1.915;2.058;2.160
Santo Augusto;4317806;-27,8526;-53,7776;5.064;5.548;5.346;5.929;6.249;6.059;6.766;7.042;7.274;8.269;8.198;8.893;8.796;5.823;5.179;3.541;3.211;5.153;6.728;4.219;4.167;5.921;4.718;4.839;3.552;3.993;4.325;4.818
Santo Cristo;4317905;-27,8263;-54,662;7.746;8.151;8.656;10.261;11.171;11.214;11.830;10.724;12.690;13.374;14.187;14.270;13.470;14.130;14.614;15.006;15.938;16.710;17.174;10.603;4.597;5.094;4.840;5.030;4.947;5.012;5.209;5.208
Santo Expedito do Sul;4317954;-27,9074;-51,6433;-;-;454;587;616;621;673;679;697;822;929;977;958;1.015;1.119;1.207;1.291;1.374;1.462;1.535;1.536;1.619;1.564;1.569;1.500;1.488;1.524;1.549
São Borja;4318002;-28,6578;-56,0036;42.737;37.579;32.073;41.891;43.531;32.744;34.267;31.653;43.933;49.502;35.940;36.470;36.040;44.811;49.954;54.036;46.266;56.495;62.805;63.028;63.627;65.643;61.703;68.896;58.356;60.768;63.985;64.550
São Domingos do Sul;4318051;-28,5312;-51,886;206;223;255;280;281;238;235;252;276;325;322;329;302;321;328;343;375;418;440;437;462;485;509;541;552;548;551;552
São Francisco de Assis;4318101;-29,5547;-55,1253;4.071;4.572;4.848;3.414;4.086;3.666;2.388;1.458;4.775;5.551;4.360;4.605;3.903;4.421;4.955;4.942;5.055;6.008;6.310;5.263;6.542;6.478;6.014;6.652;6.051;5.664;6.315;6.987
São Francisco de Paula;4318200;-29,4404;-50,5828;1.224;1.285;1.372;1.495;1.848;1.829;2.353;2.900;3.231;3.512;3.633;4.037;4.254;4.513;4.640;4.738;5.141;5.635;5.818;6.101;5.943;6.469;6.029;6.588;6.369;6.538;6.953;6.955
São Gabriel;4318309;-30,3337;-54,3217;3.885;3.839;3.793;4.211;5.167;4.949;6.383;4.856;5.251;6.175;9.287;7.299;5.439;6.534;7.234;8.428;7.370;9.041;9.566;9.992;10.501;11.033;10.674;10.425;9.671;10.328;10.183;13.366
São Jerônimo;4318408;-29,9716;-51,7251;969;1.056;1.010;979;1.113;1.113;1.178;1.388;1.653;1.785;2.153;2.094;2.255;2.562;2.768;2.822;2.980;2.700;3.339;3.606;3.936;3.693;3.816;4.321;4.044;4.011;4.626;4.574
São João da Urtiga;4318424;-27,8195;-51,8257;765;820;864;926;946;1.010;1.090;1.119;1.107;1.199;1.243;1.327;1.331;1.398;1.452;1.453;1.453;1.615;1.585;1.614;1.661;1.793;1.793;1.984;1.948;1.820;1.886;2.003
São João do Polêsine;4318432;-29,6194;-53,4439;-;-;19;62;86;41;62;46;375;86;36;103;66;135;100;117;97;93;63;64;123;111;106;63;27;88;58;88
São Jorge;4318440;-28,4984;-51,7064;765;715;763;824;871;959;1.103;1.163;1.104;1.262;1.368;1.414;1.317;1.312;1.268;1.706;1.897;1.975;2.037;2.083;2.217;2.282;2.391;2.401;2.409;2.354;2.683;2.799
São José das Missões;4318457;-27,7789;-53,1226;-;-;349;562;555;614;712;749;730;875;859;910;851;898;933;971;973;1.022;1.078;1.165;1.148;1.180;1.207;1.222;1.179;1.109;1.187;1.228
São José do Hortêncio;4318481;-29,528;-51,245;865;924;941;985;1.050;964;986;1.144;1.278;1.231;1.446;1.389;1.245;1.227;1.336;1.479;1.572;1.595;1.651;1.711;1.850;2.011;2.125;2.350;2.258;2.464;2.587;2.627
São José do Inhacorá;4318499;-27,7251;-54,1275;-;-;402;496;495;533;586;604;629;865;910;944;907;924;941;994;1.106;1.097;1.145;1.088;1.179;1.279;1.290;1.393;1.328;1.347;1.426;1.507
São José do Norte;4318507;-32,0151;-52,0331;...;...;4;...;8;11;16;18;158;447;949;920;1.376;1.595;1.912;2.011;2.350;73.587;2.780;3.780;3.244;3.389;3.335;3.728;3.563;3.541;3.858;3.861
São José do Ouro;4318606;-27,7707;-51,5966;1.971;2.145;1.679;1.729;1.801;2.033;2.252;2.403;2.468;2.594;2.571;2.670;2.935;3.061;3.320;3.335;3.649;3.812;3.866;3.091;2.537;2.604;2.646;2.876;2.813;2.738;2.954;3.136
São José do Sul;4318614;-29,529;-51,4871;-;-;-;-;-;-;-;-;-;-;-;...;1.603;1.431;1.600;1.619;1.760;1.802;1.827;1.983;2.036;2.146;2.306;2.559;2.289;2.528;2.759;2.781
São José dos Ausentes;4318622;-28,7476;-50,0677;-;-;415;412;471;498;595;617;588;681;679;696;677;977;1.203;1.279;1.462;1.426;1.429;1.455;1.498;1.665;1.666;1.677;1.440;1.575;1.976;2.000
São Leopoldo;4318705;-29,7545;-51,1498;236;159;96;81;88;46;5;30;52;57;68;42;45;61;70;117;162;138;132;153;195;237;259;248;183;198;268;354
São Lourenço do Sul;4318804;-31,3564;-51,9715;10.112;9.957;10.306;10.391;11.641;10.393;10.456;10.613;12.822;12.668;11.573;11.255;12.854;15.462;16.928;16.172;15.963;18.208;18.440;20.460;22.066;23.772;23.916;26.323;25.777;26.043;30.128;28.498
São Luiz Gonzaga;4318903;-28,412;-54,9559;12.339;12.506;14.582;15.192;14.771;16.453;17.410;17.936;18.086;19.048;14.289;15.311;19.012;20.354;23.107;21.912;20.768;24.052;25.765;10.312;1.397;1.666;1.551;1.778;1.637;1.685;1.755;1.896
São Marcos;4319000;-28,9677;-51,0696;2.291;1.608;1.444;1.578;1.772;1.705;1.504;1.774;1.984;2.054;2.126;2.371;1.949;2.176;2.438;2.647;2.707;3.023;3.579;3.840;3.924;3.543;3.704;4.178;4.237;4.075;4.370;4.645
São Martinho;4319109;-27,7112;-53,9699;1.668;1.679;1.775;1.865;1.978;2.169;2.286;2.409;2.420;2.560;2.536;2.615;2.498;2.578;2.692;2.858;2.949;3.038;3.150;3.127;3.061;3.332;3.347;3.486;3.520;3.523;3.628;3.663
São Martinho da Serra;4319125;-29,5397;-53,859;-;-;331;433;515;612;764;885;1.001;942;1.027;1.041;966;974;1.108;1.110;1.244;1.253;1.342;1.340;1.391;1.493;1.510;1.707;1.519;1.694;1.727;1.900
São Miguel das Missões;4319158;-28,556;-54,5559;-;84;174;174;205;207;211;245;237;218;229;353;208;70;65;76;91;101;101;83;86;96;107;67;24;11;15;9
São Nicolau;4319208;-28,1834;-55,2654;616;406;531;575;572;777;621;665;723;775;808;854;885;1.002;1.174;1.200;1.279;1.516;1.723;2.012;2.139;2.246;2.477;2.931;2.232;2.718;2.434;2.938
São Paulo das Missões;4319307;-28,0195;-54,9404;1.234;1.235;1.337;1.456;1.571;1.661;1.773;1.911;1.989;2.153;2.227;2.269;2.243;2.349;2.475;2.548;2.727;2.907;3.130;1.044;234;256;269;300;292;295;319;321
São Pedro das Missões;4319364;-27,77322;-53,25047;-;-;-;-;-;-;-;-;-;-;191;194;342;662;663;729;784;840;872;843;869;871;882;963;945;949;964;968
São Pedro do Butiá;4319372;-28,1243;-54,8926;-;-;2.363;3.089;3.310;3.597;3.993;4.506;4.404;4.581;4.733;5.609;4.908;5.131;5.693;6.040;6.302;6.781;7.184;2.964;1.529;1.594;1.725;1.812;1.671;1.879;1.979;2.057
São Pedro do Sul;4319406;-29,6202;-54,1855;2.512;2.769;2.776;2.746;3.256;3.256;2.482;1.777;3.106;3.367;3.495;3.805;3.112;2.991;3.664;3.693;3.668;3.810;4.039;3.923;4.257;4.411;4.230;4.806;4.033;4.040;4.317;4.783
São Sebastião do Caí;4319505;-29,5885;-51,3749;1.623;1.688;1.748;1.852;2.134;1.997;1.779;2.002;2.230;2.165;2.589;2.801;2.778;2.746;3.094;3.302;3.532;3.628;3.844;4.036;4.320;4.710;4.785;5.317;4.787;4.845;4.882;5.126
São Sepé;4319604;-30,1643;-53,5603;7.959;7.751;8.702;9.386;10.003;11.047;11.312;10.832;13.294;14.701;13.671;14.212;13.947;14.457;14.659;16.195;15.818;17.024;18.003;18.090;19.042;17.799;18.537;18.954;18.554;18.536;19.593;21.632
São Valentim;4319703;-27,5583;-52,5237;1.282;1.339;1.372;1.464;1.533;1.613;1.221;1.332;1.371;1.397;1.473;1.604;1.356;1.484;1.509;1.550;1.637;1.598;1.635;1.607;1.646;1.737;1.743;1.754;1.675;1.590;1.670;1.755
São Valentim do Sul;4319711;-29,0451;-51,7684;-;-;909;1.083;1.235;1.396;1.483;1.787;2.188;2.251;2.330;2.561;2.841;6.943;11.431;536;628;643;721;668;664;672;661;706;712;711;770;695
São Valério do Sul;4319737;-27,7906;-53,9368;-;-;223;198;224;241;247;257;248;262;285;293;279;296;262;291;293;311;343;347;363;364;388;428;368;384;447;506
São Vendelino;4319752;-29,3729;-51,3675;296;303;349;388;418;391;342;433;497;512;593;589;586;576;649;688;728;755;731;788;851;912;909;998;1.026;1.105;1.116;1.203
São Vicente do Sul;4319802;-29,6882;-54,6826;4.048;3.127;2.972;3.390;4.056;3.476;3.869;2.928;4.885;5.416;3.787;4.103;4.166;5.979;6.565;6.912;6.512;8.427;7.980;7.576;9.613;8.723;7.758;8.467;7.236;6.727;7.734;8.721
Sapiranga;4319901;-29,6349;-51,0065;1.122;1.160;1.171;1.113;1.178;1.012;713;779;898;827;931;916;935;943;1.095;1.173;1.202;1.229;1.261;1.310;1.415;1.547;1.501;1.640;1.473;1.585;1.831;1.945
Sapucaia do Sul;4320008;-29,8276;-51,145;241;128;164;176;201;132;16;26;45;44;48;52;42;26;29;53;62;89;99;70;63;59;68;74;79;109;134;144
Sarandi;4320107;-27,942;-52,9231;3.269;3.216;2.244;2.190;2.147;2.316;5.287;6.400;6.910;8.159;7.722;8.042;8.387;8.374;8.842;9.423;10.305;10.722;10.844;4.751;3.616;3.780;4.069;4.213;3.932;4.069;4.157;4.265
Seberi;4320206;-27,4829;-53,4026;1.344;1.345;1.414;1.576;1.585;1.789;1.977;2.064;2.283;2.632;2.672;2.812;2.722;2.933;3.175;3.346;3.259;3.456;3.706;3.613;3.506;3.416;3.423;3.572;3.721;3.831;4.138;4.312
Sede Nova;4320230;-27,6367;-53,9493;846;872;938;989;1.046;1.124;1.203;1.276;1.332;1.388;1.474;1.496;1.427;1.505;1.550;1.584;1.626;1.668;1.750;1.731;1.837;1.917;1.947;2.066;2.084;1.962;2.346;2.462
Segredo;4320263;-29,3523;-52,9767;1.203;773;255;316;338;413;616;668;840;889;1.127;1.288;1.335;1.346;1.535;1.619;1.686;1.826;1.998;1.996;2.111;2.140;2.185;2.448;2.322;2.325;2.549;2.696
Selbach;4320305;-28,6294;-52,9498;21;25;32;35;30;27;26;28;16;44;42;45;40;40;36;39;43;47;54;61;65;64;53;-;-;0;0;0
Senador Salgado Filho;4320321;-28,025;-54,5507;-;-;-;-;-;-;90;90;79;112;102;110;113;116;111;110;118;115;118;124;123;130;127;140;127;121;127;133
Sentinela do Sul;4320354;-30,6107;-51,5862;-;-;697;872;1.026;1.032;1.060;1.290;1.533;1.687;1.750;1.850;2.010;2.302;2.517;2.424;2.434;2.451;2.549;2.562;2.698;2.741;2.860;3.075;2.987;2.968;3.404;3.434
Serafina Corrêa;4320404;-28,7126;-51,9353;1.790;1.846;1.750;1.858;1.973;2.314;2.571;2.772;2.866;3.223;3.393;3.573;3.163;3.231;3.546;3.607;3.908;4.400;4.577;4.539;4.674;4.603;4.854;5.185;5.311;5.284;5.330;5.648
Sério;4320453;-29,3904;-52,2685;-;-;-;-;-;111;169;154;163;210;219;233;243;239;259;269;280;274;296;309;306;307;318;343;317;227;335;312
Sertão;4320503;-27,9798;-52,2588;3.232;3.010;3.090;2.881;3.464;3.495;3.786;4.437;4.253;5.619;5.672;5.637;5.811;5.809;6.308;6.559;6.644;6.728;7.141;2.411;1.313;1.382;1.458;1.634;1.398;1.112;1.103;1.072
Sertão Santana;4320552;-30,4562;-51,6017;-;-;2.194;2.471;2.890;3.083;3.309;3.653;4.083;4.506;4.694;5.394;6.254;7.388;7.740;7.685;7.728;7.993;8.531;8.919;3.035;3.158;3.203;3.511;3.306;3.250;3.790;3.735
Sete de Setembro;4320578;-28,1362;-54,4637;-;-;-;-;-;-;34;539;526;629;675;706;721;770;790;853;863;903;940;1.000;1.026;1.099;1.074;1.142;1.138;1.114;1.165;1.144
Severiano de Almeida;4320602;-27,4362;-52,1217;1.028;1.130;1.206;1.292;1.409;1.545;1.746;1.777;1.878;1.959;2.026;2.139;2.035;2.281;2.289;2.354;2.436;2.605;2.550;2.429;2.367;2.530;2.639;2.729;2.617;2.601;2.793;2.920
Silveira Martins;4320651;-29,6467;-53,591;-;-;-;-;-;-;-;-;-;-;-;-;38;73;80;60;77;81;91;92;105;116;117;113;90;91;92;95
Sinimbu;4320677;-29,5357;-52,5305;-;-;2.859;3.174;3.321;3.572;3.104;2.917;3.139;3.063;3.559;4.259;4.212;3.423;3.918;4.092;4.185;4.283;4.508;4.745;4.951;5.048;5.270;5.538;5.058;4.653;5.206;5.314
Sobradinho;4320701;-29,4194;-53,0326;2.367;3.195;3.350;3.533;3.911;4.455;3.556;3.326;3.587;4.008;4.702;4.928;3.791;3.766;4.064;4.169;4.405;4.515;4.619;4.668;5.013;5.297;5.275;5.974;5.349;5.452;5.720;5.961
Soledade;4320800;-28,8306;-52,5131;4.969;5.366;5.627;5.991;6.494;3.746;4.845;3.173;5.442;4.693;5.218;5.829;6.294;8.785;10.477;8.641;6.821;7.528;7.789;9.779;9.585;7.025;632;710;730;756;770;770
Tabaí;4320859;-29,643;-51,6823;-;-;-;-;-;-;98;108;117;108;140;182;145;139;158;169;191;182;189;184;183;187;179;189;180;189;198;202
Tapejara;4320909;-28,0652;-52,0097;7.938;8.465;8.132;7.768;9.578;9.359;10.566;10.710;12.417;13.840;14.274;15.498;16.266;18.813;19.280;21.773;27.051;30.306;33.745;7.825;61;65;60;65;66;50;59;66
Tapera;4321006;-28,6277;-52,8612;5.422;5.994;6.204;6.350;7.787;8.866;10.926;10.700;10.424;11.624;15.020;20.780;24.906;25.507;25.810;33.029;37.705;28.347;29.935;5.729;598;615;640;748;726;746;1.007;1.029
Tapes;4321105;-30,6683;-51,3991;5.384;5.700;2.986;3.028;3.680;2.885;3.567;2.765;4.542;3.978;2.797;3.050;3.764;5.263;6.295;5.212;4.205;6.127;5.059;5.326;6.519;6.167;5.655;6.276;5.623;6.165;5.852;7.200
Taquara;4321204;-29,6505;-50,7753;3.851;3.700;3.860;4.175;4.420;3.616;3.855;4.308;4.757;4.933;5.352;5.441;4.974;5.638;6.142;6.139;6.649;6.857;7.513;6.496;5.556;5.873;5.781;6.348;5.940;5.875;6.296;6.460
Taquari;4321303;-29,7943;-51,8653;13.286;13.614;15.261;15.822;17.435;19.889;22.844;25.314;28.671;29.069;32.960;32.600;34.061;34.537;37.530;37.932;42.889;43.547;42.706;46.066;45.515;47.886;17.010;12.398;10.905;946;845;923
Taquaruçu do Sul;4321329;-27,4004;-53,4703;300;286;294;310;370;419;437;442;511;618;634;722;663;721;752;863;870;785;778;792;860;942;920;950;929;950;1.063;1.163
Tavares;4321352;-31,2843;-51,088;724;970;1.065;1.082;1.107;1.254;1.360;1.431;1.542;1.642;1.593;2.072;2.188;2.659;2.489;2.497;2.069;2.535;2.159;2.647;2.811;2.909;2.613;3.101;3.316;3.179;3.671;4.331
Tenente Portela;4321402;-27,3711;-53,7585;3.125;3.070;2.123;1.809;1.928;2.108;2.220;2.392;2.427;2.752;2.726;2.799;2.801;2.877;3.095;3.042;3.186;3.440;3.685;3.948;4.112;4.202;4.495;4.532;4.113;4.039;4.405;4.630
Terra de Areia;4321436;-29,5782;-50,0644;1.928;2.066;2.169;2.354;2.577;2.675;2.262;2.445;2.586;2.906;1.617;1.538;1.611;1.786;2.085;2.295;2.341;2.395;2.423;2.352;2.334;2.342;2.259;2.588;2.275;2.132;2.201;2.219
Teutônia;4321451;-29,4482;-51,8044;234;253;271;286;325;361;330;359;451;424;527;603;647;649;737;748;821;873;976;1.061;978;1.026;1.043;1.124;1.199;1.298;1.356;1.437
Tio Hugo;4321469;-28,57404;-52,5949;-;-;-;-;-;-;-;-;-;-;-;-;-;-;3;7;6;6;7;23;102;89;17;11;10;11;11;10
Tiradentes do Sul;4321477;-27,4022;-54,0814;-;-;1.565;2.288;2.311;2.389;2.474;2.682;2.769;3.067;3.203;3.350;3.300;3.337;3.566;3.659;3.846;3.895;4.002;4.045;4.414;4.651;4.529;4.795;4.647;4.592;4.752;4.899
Toropi;4321493;-29,4782;-54,2244;-;-;-;-;-;-;484;971;1.081;1.326;1.624;1.610;1.522;1.534;1.708;1.695;1.712;1.771;1.831;1.776;1.813;1.895;1.876;1.999;1.841;1.891;2.010;2.051
Torres;4321501;-29,3334;-49,7333;7.862;8.222;7.067;7.263;8.521;8.962;8.498;8.444;9.232;10.272;10.294;11.025;11.099;12.307;10.351;14.497;15.973;15.088;18.374;18.634;2.937;3.119;3.220;3.501;3.369;3.247;3.208;3.079
Tramandaí;4321600;-29,9841;-50,1322;444;13;6;...;...;-;-;-;-;-;106;159;180;254;255;244;178;175;202;234;212;224;216;206;211;206;230;348
Travesseiro;4321626;-29,2977;-52,0532;-;-;6;12;21;19;24;16;21;23;33;35;26;24;36;34;37;36;40;41;38;40;44;53;59;45;59;61
Três Arroios;4321634;-27,5003;-52,1448;893;1.032;1.055;1.170;1.158;1.294;1.437;1.508;1.631;1.702;1.718;1.787;1.620;1.657;1.717;1.845;2.062;2.186;2.143;2.183;2.087;2.225;2.274;2.265;2.224;2.163;2.234;2.361
Três Cachoeiras;4321667;-29,4487;-49,9275;1.443;1.531;1.518;1.564;1.715;1.794;2.008;2.075;2.268;2.666;2.541;2.527;2.506;2.578;2.668;2.746;2.837;2.854;2.781;2.880;2.886;3.012;3.129;3.430;3.347;3.412;3.648;3.615
Três Coroas;4321709;-29,5137;-50,7739;368;388;388;379;393;397;450;513;583;616;632;718;555;617;715;796;895;884;914;930;939;1.002;1.001;1.097;1.067;1.131;1.279;1.338
Três de Maio;4321808;-27,78;-54,2357;7.179;6.385;6.388;6.647;7.029;7.292;7.674;7.759;7.793;7.672;4.744;4.447;3.305;6.685;6.268;7.416;7.632;7.960;7.818;6.937;9.722;14.863;16.803;27.134;28.881;32.110;36.571;33.037
Três Forquilhas;4321832;-29,5384;-50,0708;-;-;809;965;1.058;1.078;982;1.165;1.258;1.514;1.462;1.522;1.576;1.594;1.676;1.751;1.811;1.794;1.883;1.983;1.984;2.085;2.122;2.369;2.375;2.346;2.509;2.402
Três Palmeiras;4321857;-27,6139;-52,8437;610;598;627;857;899;1.006;1.154;1.290;1.417;1.911;1.978;1.942;1.944;1.987;1.974;2.022;2.009;2.173;2.577;2.647;2.663;2.749;2.474;2.620;2.553;2.546;2.828;2.760
Três Passos;4321907;-27,4555;-53,9296;6.316;6.583;5.126;4.566;4.767;5.224;3.978;4.028;4.191;4.455;4.515;4.762;4.548;4.635;4.866;5.004;5.418;5.520;5.679;5.703;5.972;6.547;6.956;7.509;7.809;8.219;8.683;9.220
Trindade do Sul;4321956;-27,5239;-52,8956;600;548;651;729;791;911;1.058;1.126;1.147;1.351;1.528;1.583;1.645;1.643;1.829;2.114;2.359;2.713;2.562;2.501;2.042;2.235;2.129;2.297;2.243;2.231;2.498;2.692
Triunfo;4322004;-29,9291;-51,7075;8.380;9.526;10.636;9.456;12.250;11.924;13.663;15.166;18.227;18.748;19.784;21.506;24.658;25.618;26.884;27.611;30.476;32.489;23.570;16.114;17.076;17.767;64.288;83.950;81.047;1.424;1.067;992
Tucunduva;4322103;-27,6573;-54,4439;3.774;3.544;1.440;1.005;1.051;1.132;1.179;1.212;1.278;1.436;1.425;1.414;1.251;1.357;1.369;1.412;1.384;1.424;1.299;1.209;1.251;1.332;1.319;1.388;1.256;1.343;1.486;1.452
Tunas;4322152;-29,1039;-52,9538;-;20;83;94;101;134;188;197;230;249;277;346;355;310;434;463;495;512;537;564;561;575;615;631;624;649;801;816
Tupanci do Sul;4322186;-27,9241;-51,5383;-;-;299;395;431;512;555;587;565;561;600;642;653;692;723;796;842;829;869;858;900;974;955;985;937;930;954;975
Tupanciretã;4322202;-29,0858;-53,8445;3.431;4.048;4.439;4.684;4.917;5.570;6.107;6.817;6.370;7.371;8.356;8.998;9.527;10.157;11.710;12.005;12.799;15.090;15.646;4.612;1.784;1.862;1.438;1.804;1.380;1.517;1.354;1.392
Tupandi;4322251;-29,4772;-51,4174;634;655;661;688;777;733;815;1.169;1.233;1.167;1.655;1.863;1.677;1.929;2.269;2.399;2.560;2.959;3.381;3.489;3.329;3.431;3.883;3.779;3.416;3.496;3.536;3.957
Tuparendi;4322301;-27,7598;-54,4814;4.333;3.544;3.208;3.387;3.612;3.904;4.265;4.352;4.462;4.662;4.361;4.717;4.580;4.683;4.756;4.984;5.137;5.269;5.464;5.422;5.554;6.066;6.010;6.450;6.246;6.226;6.048;6.587
Turuçu;4322327;-31,4173;-52,1706;-;-;-;-;-;-;308;1.273;1.436;1.428;1.356;1.328;1.714;1.939;2.074;1.829;2.033;2.140;2.340;2.324;2.494;2.415;2.299;2.801;2.773;2.806;3.018;2.968
Ubiretama;4322343;-28,0404;-54,6859;-;-;-;-;-;-;48;580;513;703;625;641;618;651;686;706;729;761;769;756;755;845;844;891;883;875;917;928
União da Serra;4322350;-28,7833;-52,0238;-;-;333;397;413;457;471;501;526;569;598;628;597;614;673;666;726;785;771;787;774;841;863;915;889;891;964;1.018
Unistalda;4322376;-29,04;-55,1517;-;-;-;-;-;-;256;440;511;531;552;744;733;632;691;703;732;730;790;825;896;950;951;1.066;966;979;1.074;1.108
Uruguaiana;4322400;-29,7614;-57,0853;107.462;87.026;82.125;97.064;97.678;72.431;53.770;48.972;77.267;71.859;70.624;76.497;91.275;110.197;111.356;121.216;87.265;132.865;121.211;123.117;120.597;121.488;130.307;118.830;114.353;119.250;121.952;132.599
Vacaria;4322509;-28,5079;-50,9418;4.007;3.829;3.625;3.840;4.576;4.465;4.019;4.105;4.819;5.635;6.221;7.665;8.760;12.459;11.968;11.759;12.939;13.666;16.533;16.942;16.821;23.492;32.952;37.446;38.207;37.956;45.139;46.224
Vale do Sol;4322533;-29,5967;-52,6839;-;-;2.615;2.907;3.013;3.254;3.980;4.135;4.259;4.436;5.403;6.164;6.115;5.469;6.307;6.508;6.666;6.793;7.000;7.464;7.851;8.067;8.308;9.009;8.409;8.286;8.887;8.946
Vale Real;4322541;-29,3919;-51,2559;-;-;650;572;615;591;546;661;737;811;754;737;654;740;768;816;896;908;956;872;852;859;860;931;861;885;936;967
Vanini;4322558;-28,4758;-51,8447;272;314;318;353;354;339;333;361;360;417;445;494;472;487;506;533;600;612;611;618;656;673;670;719;724;733;758;791
Venâncio Aires;4322608;-29,6143;-52,1932;10.328;11.443;10.718;10.783;11.424;12.413;14.176;17.959;14.027;14.419;15.551;17.897;18.151;16.634;18.642;19.531;20.575;20.570;21.144;21.584;22.272;22.847;23.090;25.355;23.301;21.674;24.902;25.106
Vera Cruz;4322707;-29,7184;-52,5152;3.269;3.481;3.566;3.658;3.903;4.138;4.567;4.242;5.233;4.858;5.796;6.943;7.000;5.882;6.585;6.888;7.020;7.098;7.438;7.728;7.988;8.321;8.489;9.318;8.477;8.495;8.897;8.838
Veranópolis;4322806;-28,9312;-51,5516;1.762;1.785;2.029;2.171;2.328;2.521;2.747;2.709;2.748;2.933;3.006;3.720;3.288;3.410;3.534;3.600;3.969;3.908;4.359;4.133;4.220;4.278;4.101;4.459;4.327;4.275;4.537;4.745
Vespasiano Correa;4322855;-29,0655;-51,8625;-;-;-;-;-;-;1.057;1.172;1.156;1.116;1.439;1.863;1.713;1.678;1.883;1.911;2.235;2.149;2.372;2.556;2.591;2.551;2.588;3.016;2.917;3.040;3.183;3.357
Viadutos;4322905;-27,5716;-52,0211;1.992;1.812;1.413;1.522;1.619;1.776;1.813;2.046;2.232;2.438;2.404;2.508;2.363;2.395;2.463;2.512;2.996;2.869;2.871;2.695;2.606;2.629;2.697;2.749;2.583;2.500;2.538;2.600
Viamão;4323002;-30,0819;-51,0194;10.881;11.321;11.816;11.523;12.271;12.228;12.736;14.131;16.216;15.357;15.652;16.535;17.270;20.452;22.542;23.342;24.457;25.588;24.724;25.762;25.748;27.240;27.760;30.031;28.112;28.916;24.696;27.362
Vicente Dutra;4323101;-27,1608;-53,4022;405;436;454;475;517;527;656;722;853;1.067;1.031;1.053;966;1.016;1.025;1.034;1.129;1.180;1.208;1.167;1.212;1.293;1.257;1.286;1.285;1.299;1.366;1.386
Victor Graeff;4323200;-28,5632;-52,7495;1.472;1.345;1.448;1.423;1.789;1.945;2.100;2.169;2.228;2.420;856;4;3;2;4;9;9;8;8;7;8;8;9;11;12;10;10;12
Vila Flores;4323309;-28,8598;-51,5504;711;752;823;866;895;1.024;1.154;1.444;1.440;1.609;1.710;1.704;1.608;1.738;1.797;1.820;2.045;2.074;2.167;2.065;2.155;2.314;2.411;2.703;2.677;2.631;2.823;2.993
Vila Maria;4323408;-28,5359;-52,1487;278;131;154;153;128;344;761;863;990;1.092;1.130;1.057;768;756;781;702;787;830;837;772;855;933;928;1.032;998;1.025;517;512
Vila Nova do Sul;4323457;-30,3461;-53,876;-;-;-;13;119;121;122;112;156;197;215;237;212;188;201;214;205;201;213;234;283;291;278;291;256;259;301;306
Vista Alegre;4323507;-27,3686;-53,4919;260;269;304;341;442;377;398;397;395;497;475;484;453;469;506;532;648;699;765;797;891;900;916;909;921;912;1.067;1.251
Vista Alegre do Prata;4323606;-28,8052;-51,7946;463;517;528;560;638;627;637;765;782;873;952;1.037;1.026;1.018;1.097;1.127;1.236;1.292;1.383;1.563;1.526;1.620;1.677;1.822;1.858;1.872;1.991;2.085
Vista Gaúcha;4323705;-27,2902;-53,6974;691;783;854;985;1.077;1.195;1.321;1.515;1.588;1.796;1.991;2.151;2.421;2.318;2.540;2.733;2.861;2.770;2.798;2.799;2.850;2.770;2.632;2.824;2.854;2.905;3.056;3.089
Vitória das Missões;4323754;-28,3516;-54,504;-;-;123;172;209;259;277;304;315;329;362;396;403;457;479;503;554;570;558;557;538;566;577;643;633;597;627;651
Xangri-lá;4323804;-29,8065;-50,0519;-;-;49;58;65;141;160;144;140;141;148;157;149;179;229;196;170;148;212;162;174;182;132;155;165;190;214;155
