variavel: Residencial;;;;;;;;;;;;;;;;;;;;;;;;;;;;;;;
caminho: /Energia Elétrica/Consumo/Residencial;;;;;;;;;;;;;;;;;;;;;;;;;;;;;;;
fonte: Distribuidoras de Energia Elétrica do Rio Grande do Sul.;;;;;;;;;;;;;;;;;;;;;;;;;;;;;;;
agrupador: Município;;;;;;;;;;;;;;;;;;;;;;;;;;;;;;;
descricao: ;;;;;;;;;;;;;;;;;;;;;;;;;;;;;;;
Unidades;MWh;;;;;;;;;;;;;;;;;;;;;;;;;;;;;;
Município;ibge;latitude;longitude;1991;1992;1993;1994;1995;1996;1997;1998;1999;2000;2001;2002;2003;2004;2005;2006;2007;2008;2009;2010;2011;2012;2013;2014;2015;2016;2017;2018
Água Santa;4300059;-28,1672;-52,031;275;290;316;303;339;374;425;455;474;482;485;516;518;522;552;559;599;636;712;770;818;906;946;1.040;1.044;1.113;1.188;1.206
Agudo;4300109;-29,6447;-53,2515;2.263;2.403;2.521;2.573;2.824;2.970;3.160;3.368;4.083;4.447;4.220;3.754;3.800;3.939;4.085;4.390;4.524;4.882;5.165;5.571;5.915;6.379;6.578;7.621;7.157;7.369;7.505;7.645
Ajuricaba;4300208;-28,2342;-53,7757;1.344;1.329;1.424;1.495;1.573;1.689;1.771;1.805;1.871;1.993;1.886;1.904;1.900;1.982;1.997;2.014;2.133;2.189;2.366;2.541;2.723;2.923;3.045;3.556;3.351;3.557;3.653;3.803
Alecrim;4300307;-27,6579;-54,7649;720;729;834;881;973;988;999;1.042;1.113;1.148;1.126;1.109;1.105;1.106;1.126;1.138;1.188;1.226;1.325;1.404;1.468;1.606;1.653;1.875;1.880;2.014;2.114;2.213
Alegrete;4300406;-29,7902;-55,7949;29.488;30.032;31.277;31.799;35.182;36.827;37.814;37.713;39.164;40.453;37.592;37.076;36.700;37.739;38.201;39.251;40.701;41.301;44.044;45.803;48.921;51.773;51.725;58.520;53.703;54.137;55.044;58.236
Alegria;4300455;-27,8345;-54,0557;424;464;517;583;631;664;710;706;707;734;695;668;766;754;755;778;764;795;861;921;957;1.049;1.087;1.197;1.202;1.259;1.346;1.380
Alpestre;4300505;-27,2502;-53,0341;703;661;660;700;769;792;815;820;840;948;924;939;1.057;1.057;1.076;1.128;1.238;1.262;1.347;1.454;1.498;1.638;1.714;1.884;1.851;1.887;2.013;2.088
Alto Feliz;4300570;-29,3919;-51,3123;-;-;234;357;402;555;576;621;577;593;602;613;640;601;573;568;594;652;699;775;813;912;1.051;1.193;1.210;1.357;1.230;1.391
Alvorada;4300604;-29,9914;-51,0809;52.627;54.048;54.901;56.838;63.128;68.910;75.935;78.041;79.014;80.583;77.154;76.225;74.645;71.940;71.395;71.156;75.103;77.988;83.673;88.594;95.658;101.919;110.733;121.178;115.902;115.840;118.537;126.932
Amaral Ferrador;4300638;-30,8756;-52,251;213;232;277;327;399;471;463;446;497;500;539;563;560;626;661;693;776;866;956;1.019;1.124;1.167;1.250;1.285;1.195;1.184;1.264;1.252
Ametista do Sul;4300646;-27,3607;-53,183;-;-;6;...;...;18;23;9;20;66;68;27;74;92;102;75;60;63;67;95;85;113;255;247;224;209;204;213
André da Rocha;4300661;-28,6283;-51,5797;93;87;116;138;168;175;209;212;230;243;230;245;297;308;293;301;330;349;389;452;468;472;514;553;557;606;606;608
Anta Gorda;4300703;-28,9698;-52,0102;635;664;721;738;905;985;1.071;1.121;1.164;1.244;1.189;1.229;1.360;1.376;1.431;1.395;1.508;1.534;1.665;1.853;1.914;2.182;2.338;2.639;2.815;2.832;2.889;3.030
Antônio Prado;4300802;-28,8565;-51,2883;3.021;3.139;3.339;3.622;3.886;4.362;4.527;4.962;5.112;5.383;5.127;4.988;5.186;5.267;5.293;5.578;5.828;5.899;6.154;6.524;7.159;7.481;8.178;8.806;8.798;9.195;9.227;9.715
Arambaré;4300851;-30,9093;-51,5046;-;-;1.022;1.439;1.671;1.795;2.128;2.298;2.461;2.370;2.676;2.587;2.586;2.669;2.774;2.817;2.959;3.009;3.227;3.484;3.701;3.896;4.199;4.734;4.754;4.620;4.793;4.773
Araricá;4300877;-29,6168;-50,9291;-;-;-;-;-;-;1.819;1.976;2.143;2.182;2.288;2.367;2.463;2.591;2.751;2.829;3.012;3.168;3.416;3.649;4.122;4.627;4.919;5.557;5.435;5.630;5.842;6.299
Aratiba;4300901;-27,3978;-52,2975;1.022;1.050;1.056;1.047;1.140;1.253;1.327;1.362;1.390;1.544;1.467;1.474;1.584;1.555;1.594;1.655;1.800;1.779;1.914;2.147;2.191;2.382;2.646;2.965;3.060;3.148;3.353;3.554
Arroio do Meio;4301008;-29,4014;-51,9557;4.262;4.562;4.864;5.190;5.844;6.116;6.396;6.845;7.144;7.450;7.643;8.023;8.141;8.410;9.111;9.487;10.088;10.374;11.079;11.734;12.556;13.747;14.784;16.536;16.081;16.740;16.824;17.415
Arroio do Padre;4301073;-31,4316;-52,4171;-;-;-;-;-;-;-;-;-;-;22;65;60;91;78;74;84;106;208;237;1.067;280;305;344;329;329;320;316
Arroio do Sal;4301057;-29,5439;-49,8895;3.249;3.581;2.513;3.899;4.302;4.789;5.503;5.993;6.407;6.983;6.683;8.308;8.667;8.735;9.160;9.720;10.339;10.950;11.933;12.541;13.219;14.418;14.164;16.758;16.713;16.729;17.721;17.927
Arroio do Tigre;4301206;-29,3348;-53,0966;1.175;1.243;1.353;1.407;1.582;1.700;1.864;1.883;1.988;2.119;2.200;2.293;2.506;2.630;2.756;2.859;3.026;3.114;3.311;3.475;3.573;3.814;4.003;4.487;4.289;4.582;4.571;4.745
Arroio dos Ratos;4301107;-30,0875;-51,7275;4.010;3.970;4.215;4.473;4.995;5.399;5.903;6.140;6.210;6.576;6.384;6.344;6.269;6.468;6.532;6.395;6.773;6.959;6.987;7.417;7.242;8.292;8.910;9.843;9.427;9.681;10.048;10.386
Arroio Grande;4301305;-32,2327;-53,0862;5.168;5.230;5.570;5.577;6.184;6.620;6.941;6.849;7.020;7.023;7.035;7.027;7.457;7.046;7.285;7.450;8.029;8.389;8.864;9.468;10.002;10.207;10.958;11.791;11.263;11.416;11.708;11.955
Arvorezinha;4301404;-28,8737;-52,1781;1.465;1.543;1.614;1.684;1.900;2.065;2.232;2.384;2.448;2.560;2.554;2.716;2.797;2.819;2.873;2.935;3.124;3.306;3.586;3.746;3.893;4.148;4.464;5.041;5.291;5.576;5.662;5.874
Augusto Pestana;4301503;-28,5173;-53,9883;1.228;1.256;1.342;1.407;1.513;1.613;1.719;1.772;1.819;1.804;1.719;1.741;1.720;1.762;1.795;1.781;1.844;2.001;2.227;2.368;2.462;2.728;2.888;3.274;3.177;3.391;3.479;3.627
Áurea;4301552;-27,6936;-52,0505;419;455;405;417;486;552;608;592;611;648;642;655;688;705;709;723;814;804;897;981;1.007;1.073;1.222;1.338;1.378;1.436;1.494;1.503
Bagé;4301602;-31,3297;-54,0999;41.674;42.552;43.202;43.752;48.715;52.631;55.421;56.798;58.823;60.198;57.353;57.439;55.796;55.244;56.583;56.705;60.876;62.620;65.525;69.148;71.345;73.811;78.191;84.523;79.419;81.525;81.072;84.767
Balneário Pinhal;4301636;-30,2419;-50,2336;-;-;-;-;-;-;7.488;8.731;9.411;9.907;9.540;10.661;11.045;11.017;10.956;11.807;12.088;12.358;12.999;14.239;14.932;15.436;16.376;17.895;17.232;16.678;17.857;17.764
Barão;4301651;-29,3725;-51,4949;31;31;39;47;46;48;78;76;67;64;36;13;30;19;16;19;33;44;62;102;114;117;134;164;217;196;205;203
Barão de Cotegipe;4301701;-27,6208;-52,3798;898;884;939;1.010;1.131;1.223;1.330;1.372;1.417;1.555;1.518;1.529;1.633;1.734;1.823;1.782;1.944;1.958;2.153;2.342;2.436;2.660;2.863;3.195;3.289;3.596;3.697;3.962
Barão do Triunfo;4301750;-30,3891;-51,7384;-;-;37;25;33;45;47;37;42;31;24;29;31;37;46;70;131;220;244;271;270;293;282;280;252;219;255;242
Barra do Guarita;4301859;-27,1927;-53,7109;-;-;326;441;507;540;558;568;540;551;539;538;568;614;659;676;706;757;870;931;954;1.037;1.142;1.344;1.416;1.510;1.561;1.629
Barra do Quaraí;4301875;-30,2029;-57,5497;-;-;-;-;-;-;910;1.009;1.156;1.306;1.315;1.350;1.400;1.414;1.407;1.393;1.373;1.364;1.436;1.474;1.485;1.614;1.900;2.398;2.285;2.563;2.657;2.751
Barra do Ribeiro;4301909;-30,2939;-51,3014;3.214;3.615;3.772;3.800;4.275;4.576;5.013;5.181;5.302;5.605;5.489;5.220;5.035;5.014;5.205;5.381;5.581;5.627;5.784;6.098;6.632;7.223;8.046;8.942;8.637;8.471;8.656;9.143
Barra do Rio Azul;4301925;-27,4068;-52,4084;-;-;65;88;124;141;144;148;176;183;171;171;213;196;203;200;223;251;277;329;313;343;356;403;448;463;480;491
Barra Funda;4301958;-27,9205;-53,0391;-;-;241;343;371;427;476;510;550;601;593;592;651;643;675;677;730;814;918;943;984;1.089;1.200;1.352;1.373;1.426;1.501;1.633
Barracão;4301800;-27,6739;-51,4586;744;768;777;788;892;970;1.018;1.028;1.035;1.110;1.106;1.193;1.227;1.215;1.317;1.438;1.472;1.599;1.700;1.909;1.956;2.001;2.118;2.309;2.311;2.415;2.551;2.697
Barros Cassal;4302006;-29,0947;-52,5836;728;769;804;870;979;1.055;1.156;1.189;1.246;1.310;1.317;1.372;1.436;1.442;1.506;1.505;1.541;1.598;1.732;1.819;1.901;2.128;2.243;2.458;2.462;2.565;2.608;2.784
Benjamin Constant do Sul;4302055;-27,5086;-52,5995;-;-;-;-;-;-;81;107;123;127;136;123;136;143;158;193;208;231;299;376;405;440;475;494;562;576;592;591
Bento Gonçalves;4302105;-29,1662;-51,5165;33.066;34.206;35.946;37.929;42.732;47.082;50.310;53.199;55.406;56.797;54.713;54.206;54.812;54.993;56.323;56.088;59.788;66.761;74.992;76.747;80.352;82.238;89.431;94.816;93.795;99.374;100.552;106.699
Boa Vista das Missões;4302154;-27,6671;-53,3102;-;-;-;...;...;4;...;...;...;1;2;4;3;2;5;4;5;6;5;7;8;7;8;9;14;13;16;15
Boa Vista do Buricá;4302204;-27,6693;-54,1082;1.527;1.565;1.674;1.793;1.967;2.067;2.040;2.100;2.200;2.305;2.341;2.340;2.318;2.344;2.416;2.435;2.507;2.571;2.852;3.048;3.127;3.483;3.607;4.175;4.234;4.441;4.702;4.982
Boa Vista do Cadeado;4302220;-28,5716;-53,8138;-;-;-;-;-;-;-;-;-;-;141;104;156;164;148;149;148;162;175;221;253;274;317;345;345;384;399;417
Boa Vista do Sul;4302253;-29,3544;-51,6687;-;-;-;-;-;-;141;176;161;178;149;242;259;255;238;250;251;233;287;313;312;335;365;430;433;445;463;493
Bom Jesus;4302303;-28,6697;-50,4295;2.823;2.992;2.778;2.844;2.997;3.387;3.709;3.724;3.819;3.928;3.762;3.758;4.115;4.052;4.017;3.872;3.975;3.933;4.154;4.526;4.852;5.051;5.406;5.754;5.879;6.256;6.678;6.912
Bom Princípio;4302352;-29,4856;-51,3548;1.654;1.744;1.853;2.081;2.311;3.020;3.980;4.025;4.000;4.260;4.472;4.966;4.736;5.072;5.350;5.490;5.970;6.228;6.766;7.322;7.930;8.744;9.445;10.737;10.486;10.923;10.968;11.505
Bom Progresso;4302378;-27,5399;-53,8716;-;-;198;287;328;334;380;414;430;475;485;480;543;529;527;548;572;593;640;700;800;802;857;969;992;1.020;1.057;1.060
Bom Retiro do Sul;4302402;-29,6086;-51,9464;3.087;3.190;3.471;3.784;4.287;4.665;4.270;4.322;4.569;4.885;5.075;5.153;5.007;5.107;5.369;5.500;5.737;5.834;6.152;6.540;7.083;7.589;8.012;9.076;8.635;8.973;9.209;9.450
Boqueirão do Leão;4302451;-29,3046;-52,4284;-;-;6;...;...;7;3;2;9;16;30;33;36;42;51;59;87;118;109;101;103;98;114;126;131;120;143;123
Bossoroca;4302501;-28,7291;-54,9035;-;-;-;-;-;-;-;...;2;4;4;8;20;29;26;27;28;36;33;36;42;46;42;43;38;42;40;34
Bozano;4302584;-28,36746;-53,77224;-;-;-;-;-;-;-;-;-;-;-;-;-;-;-;-;-;-;-;-;0;0;0;-;-;0;0;0
Braga;4302600;-27,6173;-53,7405;564;562;582;631;662;682;748;778;785;828;833;843;857;873;850;857;874;901;985;1.126;1.091;1.173;1.265;1.366;1.370;1.423;1.480;1.530
Brochier;4302659;-29,5501;-51,5945;639;625;543;588;669;913;920;795;804;868;929;967;1.069;1.106;1.144;1.207;1.301;1.362;1.468;1.620;1.775;1.850;2.019;2.383;2.327;2.435;2.619;2.698
Butiá;4302709;-30,1179;-51,9601;8.352;8.529;6.892;6.969;7.677;8.091;8.794;8.985;9.011;9.154;9.075;9.066;9.001;9.161;9.531;9.751;10.287;10.524;10.882;11.278;11.963;12.400;13.093;14.412;13.770;14.301;14.650;14.842
Caçapava do Sul;4302808;-30,5144;-53,4827;8.139;8.381;8.756;9.204;10.078;10.611;11.821;11.901;12.254;12.637;12.540;12.035;12.313;12.715;13.030;13.432;14.264;14.768;15.503;16.420;17.232;18.534;19.480;21.402;20.572;21.310;21.495;22.550
Cacequi;4302907;-29,8883;-54,822;4.629;4.523;4.733;4.881;5.264;5.445;5.930;5.670;5.712;5.809;5.495;5.367;5.407;5.583;5.630;5.695;5.913;6.326;6.498;6.758;6.807;7.292;7.033;7.829;7.361;7.508;7.642;7.877
Cachoeira do Sul;4303004;-30,033;-52,8928;30.309;30.740;30.792;32.005;35.091;36.435;38.549;39.485;40.790;41.332;40.139;39.888;39.498;40.222;40.674;41.605;44.270;45.281;47.352;50.014;52.009;55.328;56.515;63.151;58.544;58.907;58.898;60.628
Cachoeirinha;4303103;-29,9472;-51,1016;39.859;40.686;41.735;43.181;48.021;53.635;58.404;61.745;64.500;66.284;63.950;63.668;62.247;63.281;65.804;68.250;72.991;74.112;79.379;85.664;90.318;96.359;103.909;116.984;112.832;116.328;119.480;124.476
Cacique Doble;4303202;-27,767;-51,6597;428;438;480;511;543;610;645;676;678;704;693;713;784;782;782;779;823;881;977;1.088;1.163;1.320;1.400;1.578;1.621;1.672;1.716;1.734
Caiçara;4303400;-27,2791;-53,4257;616;591;600;622;691;747;747;741;767;867;810;787;886;867;890;904;954;1.012;1.103;1.145;1.215;1.328;1.475;1.614;1.576;1.665;1.789;1.890
Camaquã;4303509;-30,8489;-51,8043;17.661;17.982;18.234;18.336;20.390;21.299;24.092;23.883;24.961;25.793;24.969;24.503;24.130;25.143;25.844;26.107;27.691;28.518;30.282;32.370;34.031;36.076;38.206;42.210;39.681;40.133;40.388;41.828
Camargo;4303558;-28,588;-52,2003;209;212;244;270;275;326;382;393;417;423;430;426;435;479;501;508;560;580;630;700;805;868;962;1.123;1.132;1.219;1.310;1.425
Cambará do Sul;4303608;-29,0474;-50,1465;1.748;1.912;2.012;1.942;2.178;2.291;2.437;2.603;2.801;2.805;2.759;2.863;2.893;2.938;2.948;2.941;3.001;3.044;3.207;3.349;3.333;3.424;3.636;3.911;4.094;4.368;4.520;4.728
Campestre da Serra;4303673;-28,7926;-51,0941;-;-;359;417;498;688;790;753;716;694;629;531;655;657;662;686;702;759;848;967;1.011;1.061;1.137;1.232;1.260;1.318;1.387;1.433
Campina das Missões;4303707;-27,9888;-54,8417;951;923;1.032;1.071;1.157;1.211;1.272;1.287;1.343;1.348;1.292;1.311;1.269;1.277;1.269;1.285;1.314;1.325;1.516;1.588;1.658;1.794;1.881;2.226;2.175;2.362;2.459;2.590
Campinas do Sul;4303806;-27,7174;-52,6248;1.389;1.387;1.445;1.508;1.744;1.879;2.014;2.109;2.191;2.337;2.051;2.099;2.152;2.194;2.228;2.253;2.323;2.296;2.484;2.608;2.642;2.849;3.047;3.365;3.289;3.419;3.653;3.728
Campo Bom;4303905;-29,6747;-51,0606;23.729;23.942;25.159;26.407;27.737;29.269;31.596;31.972;33.765;35.705;36.472;37.198;37.785;39.671;41.247;41.277;43.854;44.196;46.044;49.219;53.147;58.244;60.896;67.789;62.251;64.594;64.003;66.486
Campo Novo;4304002;-27,6792;-53,8052;1.809;1.768;1.690;1.687;1.819;1.813;1.814;1.845;1.836;1.876;1.782;1.739;1.803;1.820;1.870;1.776;1.853;1.883;1.997;2.228;2.277;2.420;2.642;2.977;2.959;3.029;3.122;3.189
Campos Borges;4304101;-28,8871;-53,0008;406;-;-;-;-;-;-;-;-;-;-;-;-;-;-;-;-;-;-;-;-;-;-;-;-;-;-;-
Candelária;4304200;-29,6684;-52,7895;4.318;4.319;4.648;4.870;5.415;6.007;6.422;6.686;7.132;7.270;7.266;7.614;7.620;7.969;8.428;8.820;9.224;9.423;10.069;10.683;11.258;12.211;12.593;14.046;13.167;13.308;13.555;14.048
Cândido Godói;4304309;-27,9515;-54,7517;1.742;936;970;997;1.088;1.067;1.123;1.103;1.086;1.167;1.095;1.098;1.155;1.185;1.219;1.233;1.251;1.266;1.309;1.471;1.520;1.708;1.796;2.066;2.010;2.198;2.296;2.408
Candiota;4304358;-31,5515;-53,6773;-;-;1.858;2.606;2.885;3.150;3.487;3.451;3.592;3.589;3.420;3.354;3.253;3.226;3.277;3.355;3.614;3.838;4.176;4.557;4.462;4.736;5.157;5.822;5.447;5.754;6.481;6.836
Canela;4304408;-29,356;-50,8119;10.303;10.235;10.985;11.824;13.477;14.486;16.148;17.235;18.325;19.451;19.085;19.777;20.086;20.389;21.075;21.314;22.622;25.085;26.082;27.796;28.968;31.186;34.487;37.464;37.746;40.887;41.978;45.015
Canguçu;4304507;-31,396;-52,6782;4.415;4.487;4.782;4.968;5.535;6.163;6.629;6.868;7.092;7.559;7.520;7.846;7.913;7.973;8.368;8.478;9.351;9.972;10.895;11.954;12.856;13.744;14.956;16.008;15.564;15.918;16.492;16.829
Canoas;4304606;-29,9128;-51,1857;131.773;132.335;132.488;135.867;150.549;160.570;171.939;176.930;183.775;194.961;192.810;193.994;195.635;198.118;205.373;210.295;226.627;235.085;246.218;258.839;269.033;289.937;300.179;336.743;311.136;316.067;315.968;320.079
Capão Bonito do Sul;4304622;-29,7642;-50,0282;-;-;-;-;-;-;-;-;-;-;118;110;207;205;218;265;288;301;304;356;348;426;518;612;617;593;652;648
Capão da Canoa;4304630;-29,6397;-49,9599;24.536;26.341;16.200;20.759;23.785;26.236;28.958;32.337;33.866;34.960;36.241;38.367;39.704;40.769;41.806;44.026;46.871;49.078;52.942;56.802;59.327;61.414;65.137;71.491;70.917;71.327;74.957;76.032
Capão do Cipó;4304655;-28,904;-54,7;-;-;-;-;-;-;-;-;-;-;-;29;315;384;356;309;325;340;382;372;424;457;498;572;623;630;706;766
Capão do Leão;4304663;-31,7565;-52,4889;3.972;4.276;4.814;5.100;5.860;6.749;7.233;7.552;7.826;8.177;8.107;7.919;7.865;7.928;8.199;8.493;9.132;9.487;9.859;11.069;12.586;13.759;14.892;16.374;16.017;16.338;16.782;17.322
Capela de Santana;4304689;-29,6961;-51,328;2.074;2.226;2.387;2.579;2.804;3.139;3.690;3.699;3.764;3.871;4.091;4.232;4.280;4.685;4.904;4.851;5.239;5.307;5.542;5.667;6.132;6.843;7.350;8.218;7.860;7.987;8.157;8.333
Capitão;4304697;-29,2674;-51,9853;-;-;-;-;-;-;-;-;-;-;-;-;-;-;-;11;8;6;6;2;6;5;7;8;12;16;21;22
Capivari do Sul;4304671;-30,1382;-50,5151;-;-;-;-;-;-;715;1.401;1.509;1.572;1.573;1.630;1.663;1.732;1.798;1.847;2.005;2.034;2.140;2.291;2.465;2.543;2.796;3.009;2.989;3.022;3.204;3.172
Caraá;4304713;-29,7869;-50,4316;-;-;-;-;-;-;348;545;546;610;568;657;675;692;754;808;952;1.040;1.148;1.313;1.485;1.596;1.782;1.979;1.864;1.831;2.020;1.992
Carazinho;4304705;-28,2958;-52,7933;-;-;-;-;-;-;-;-;-;-;-;-;-;-;-;-;-;-;-;-;0;0;0;-;-;0;0;0
Carlos Barbosa;4304804;-29,2969;-51,5029;5.131;5.411;5.821;6.396;7.419;8.207;9.006;9.483;10.095;10.567;9.895;9.768;10.142;10.502;10.884;11.329;12.073;13.354;14.906;15.495;16.424;17.149;18.688;20.408;20.346;21.752;22.195;23.487
Carlos Gomes;4304853;-27,7167;-51,9121;-;-;51;66;80;94;92;96;99;108;116;127;154;149;162;171;180;188;198;252;262;323;360;404;391;398;418;427
Casca;4304903;-28,5605;-51,9815;1.531;1.730;1.767;1.895;2.129;2.331;2.461;2.556;2.736;2.895;2.667;2.647;2.872;2.936;2.943;3.188;3.351;3.610;3.874;4.090;4.299;4.522;4.833;5.303;5.398;5.850;6.055;6.459
Caseiros;4304952;-28,2582;-51,6861;187;205;216;250;311;408;469;489;496;513;531;507;589;603;622;675;699;753;829;900;960;1.055;1.128;1.307;1.309;1.384;1.440;1.500
Catuípe;4305009;-28,2554;-54,0132;2.230;2.208;2.329;2.462;2.654;2.722;2.831;2.849;2.906;2.984;2.840;2.777;2.789;2.786;2.872;2.887;3.076;3.103;3.289;3.471;3.533;3.811;3.866;4.468;4.395;4.652;4.737;5.034
Caxias do Sul;4305108;-29,1629;-51,1792;140.014;142.246;147.665;156.787;175.080;192.375;207.176;219.856;227.749;237.570;223.412;227.269;225.746;227.087;231.754;239.989;268.853;282.858;302.625;320.104;334.600;341.829;370.555;390.270;379.321;393.215;386.047;403.414
Centenário;4305116;-27,7616;-51,9984;-;-;124;170;195;237;272;277;301;326;335;348;401;402;410;427;441;447;508;561;556;631;683;794;860;882;921;974
Cerrito;4305124;-31,8419;-52,8004;-;-;-;-;-;-;1.083;1.334;1.365;1.388;1.415;1.414;1.405;1.454;1.458;1.513;1.650;1.716;1.757;1.871;1.985;2.117;2.289;2.496;2.419;2.371;2.498;2.567
Cerro Branco;4305132;-29,657;-52,9406;-;-;1;-;-;-;-;-;-;...;...;...;2;9;8;9;10;12;17;10;8;11;16;13;11;11;7;8
Cerro Grande;4305157;-27,6106;-53,1672;-;-;2;...;7;...;...;...;3;3;3;3;4;3;2;2;5;7;5;7;5;3;3;3;5;8;11;15
Cerro Grande do Sul;4305173;-30,5905;-51,7418;475;508;588;610;693;773;795;770;815;868;901;979;1.049;1.136;1.200;1.233;1.406;1.510;1.578;1.695;1.812;1.910;2.063;2.241;2.067;2.094;2.224;2.293
Cerro Largo;4305207;-28,1462;-54,7428;4.794;4.520;4.352;4.306;4.625;4.885;5.161;5.181;5.384;5.293;5.128;5.152;5.099;5.038;5.225;5.328;5.452;6.039;6.797;7.247;7.475;8.069;8.341;9.728;9.442;10.153;10.524;10.936
Charqueadas;4305355;-29,9625;-51,6289;9.965;9.916;10.236;10.682;12.087;12.575;13.864;14.387;14.781;14.841;14.910;14.900;15.369;15.533;16.182;16.583;17.240;17.312;18.156;19.084;20.210;21.103;23.057;25.606;24.425;25.003;25.584;26.853
Charrua;4305371;-27,9493;-52,015;-;-;154;199;224;238;259;299;301;313;305;296;285;297;293;282;302;316;332;366;374;400;406;445;438;466;466;480
Chiapetta;4305405;-27,923;-53,9419;997;1.049;979;962;1.062;1.088;1.088;1.061;1.108;1.163;1.121;1.129;1.125;1.134;1.153;1.146;1.168;1.224;1.318;1.395;1.461;1.615;1.711;1.939;1.984;2.016;2.151;2.259
Chuí;4305439;-33,6866;-53,4594;-;-;-;-;-;-;2.383;2.979;2.712;2.984;3.070;3.032;2.824;2.673;2.578;2.287;2.453;2.518;2.630;2.952;3.298;3.544;4.029;4.504;4.584;4.767;4.726;5.009
Chuvisca;4305447;-30,7504;-51,9737;-;-;-;-;-;-;161;205;173;194;183;225;209;193;194;210;263;319;410;430;477;514;597;619;532;519;539;564
Cidreira;4305454;-30,1604;-50,2338;11.657;12.739;8.357;13.217;15.246;16.868;9.761;10.989;12.150;12.475;12.539;14.090;15.051;15.072;14.877;15.370;16.041;16.375;16.820;17.857;18.564;19.242;20.479;22.224;21.562;21.076;22.032;21.429
Ciríaco;4305504;-28,3419;-51,8741;540;558;603;613;745;757;769;797;821;848;864;900;955;969;987;1.027;1.083;1.099;1.178;1.250;1.335;1.447;1.539;1.665;1.649;1.702;1.773;1.827
Colinas;4305587;-29,3815;-51,8526;-;-;377;447;480;543;643;574;569;615;629;688;703;717;736;750;816;811;872;909;995;1.040;1.166;1.313;1.241;1.290;1.373;1.462
Constantina;4305801;-27,732;-52,9938;2.007;1.966;1.958;2.072;2.235;2.262;2.378;2.490;2.583;2.780;2.698;2.697;2.876;2.944;3.027;3.109;3.244;3.365;3.646;3.946;4.260;4.639;4.959;5.538;5.527;5.989;6.293;6.586
Coqueiro Baixo;4305835;-29,1722;-52,0989;-;-;-;-;-;-;-;-;-;-;-;39;178;203;173;167;180;205;204;221;221;240;252;266;273;279;282;290
Coronel Bicaco;4305900;-27,7197;-53,7022;1.558;1.544;1.637;1.687;1.786;1.834;1.874;1.846;1.894;1.896;1.822;1.867;1.937;1.994;2.016;2.040;2.138;2.283;2.523;2.668;2.791;2.938;3.099;3.544;3.513;3.596;3.771;3.983
Coronel Pilar;4305934;-29,2684;-51,6879;-;-;-;-;-;-;-;-;-;-;69;142;164;152;142;139;150;159;155;191;190;201;201;245;263;263;257;260
Cotiporã;4305959;-28,9891;-51,6971;533;530;593;660;775;831;896;958;1.022;1.096;1.026;988;1.207;1.202;1.194;1.278;1.338;1.356;1.454;1.545;1.619;1.697;1.772;1.906;1.976;1.972;2.023;2.149
Coxilha;4305975;-28,128;-52,3023;-;-;257;340;399;474;555;578;618;645;688;684;752;791;812;807;809;868;930;952;1.009;1.085;1.189;1.347;1.361;1.486;1.613;1.620
Crissiumal;4306007;-27,4999;-54,0994;2.691;2.666;2.804;2.926;3.064;3.142;3.210;3.357;3.421;3.566;3.463;3.535;3.541;3.474;3.584;3.582;3.794;3.846;4.172;4.467;4.649;5.109;5.315;6.123;6.062;6.379;6.583;6.957
Cristal;4306056;-31,0046;-52,0436;892;946;1.078;1.110;1.271;1.370;1.620;1.525;1.618;1.636;1.675;1.654;1.711;1.818;1.852;1.924;2.094;2.257;2.389;2.570;2.758;2.854;3.177;3.501;3.465;3.500;3.600;3.768
Cristal do Sul;4306072;-27,452;-53,2422;-;-;-;-;-;-;-;-;-;-;-;-;-;0;1;4;21;17;20;23;28;26;38;50;41;39;45;44
Cruz Alta;4306106;-28,645;-53,6048;27.450;26.667;28.554;29.729;32.952;34.694;36.195;36.987;37.764;37.978;35.730;34.597;34.975;35.134;35.089;34.390;36.605;36.731;38.451;40.075;41.325;42.933;45.041;49.922;47.918;50.474;50.463;52.591
Cruzaltense;4306130;-27,6644;-52,6492;-;-;-;-;-;-;-;-;-;-;179;193;215;229;245;253;264;280;294;308;306;326;378;441;438;419;436;456
Cruzeiro do Sul;4306205;-29,5148;-51,9928;2.519;2.651;2.763;2.926;3.238;3.764;4.147;4.089;4.093;4.307;4.342;4.604;4.690;4.755;4.928;5.028;5.287;5.544;5.957;6.305;6.778;7.400;7.755;8.795;8.373;8.524;8.727;8.800
David Canabarro;4306304;-28,3849;-51,8482;369;403;429;465;525;556;601;628;664;691;709;724;788;804;839;886;961;1.019;1.065;1.167;1.226;1.295;1.498;1.589;1.653;1.732;1.829;1.944
Derrubadas;4306320;-27,2642;-53,8645;-;-;139;212;230;246;260;284;321;342;350;337;341;342;348;353;380;404;451;529;591;653;730;824;881;968;1.033;1.120
Dezesseis de Novembro;4306353;-28,219;-55,0617;167;182;199;204;220;238;276;303;301;290;279;280;309;321;330;322;331;361;396;432;446;465;479;560;584;612;625;618
Dilermando de Aguiar;4306379;-29,7054;-54,2122;-;-;-;-;-;-;374;439;484;617;571;622;620;632;620;616;639;712;720;776;839;890;909;978;989;1.007;1.045;1.099
Dois Irmãos;4306403;-29,5836;-51,0898;7.609;8.016;7.570;8.311;8.950;10.070;11.546;12.021;12.850;13.777;14.502;15.544;16.384;17.212;18.202;18.068;18.982;19.241;20.127;21.935;23.425;25.158;26.646;30.393;28.582;30.126;30.391;31.264
Dois Irmãos das Missões;4306429;-27,6621;-53,5304;-;-;153;270;254;276;304;311;344;390;383;399;429;440;441;477;523;557;596;614;648;701;778;875;860;895;958;985
Dois Lajeados;4306452;-28,983;-51,8396;433;440;377;411;476;516;570;584;602;646;652;670;777;803;823;840;958;1.085;1.032;1.095;1.107;1.136;1.232;1.372;1.400;1.464;1.527;1.618
Dom Feliciano;4306502;-30,7004;-52,1026;681;723;782;795;900;956;996;1.026;1.114;1.143;1.239;1.348;1.374;1.443;1.544;1.601;1.796;1.921;2.098;2.247;2.413;2.603;2.773;3.030;2.867;2.987;3.208;3.240
Dom Pedrito;4306601;-30,9756;-54,6694;13.454;13.543;14.053;14.262;15.813;16.924;18.305;18.226;19.119;19.607;18.913;18.663;18.423;18.675;18.830;18.709;19.558;20.139;20.788;21.911;23.067;23.849;24.798;27.203;25.452;26.433;26.665;27.971
Dom Pedro de Alcântara;4306551;-29,3639;-49,853;-;-;-;-;-;-;320;542;535;500;461;469;467;483;495;504;526;567;603;613;622;654;570;759;731;761;788;811
Doutor Maurício Cardoso;4306734;-27,5103;-54,3578;1.295;1.292;1.360;1.439;1.510;1.503;1.525;1.521;1.618;1.626;1.534;1.526;1.545;1.582;1.602;1.617;1.617;1.656;1.775;1.869;1.875;2.076;2.152;2.487;2.519;2.531;2.730;2.862
Doutor Ricardo;4306759;-29,084;-51,9971;-;-;-;-;-;-;171;109;90;101;128;285;338;369;349;327;352;386;422;471;540;587;643;819;949;899;845;839
Eldorado do Sul;4306767;-30,0847;-51,6187;7.208;7.654;8.134;8.516;9.898;10.983;12.614;13.400;14.087;14.791;14.461;14.065;14.169;14.010;14.041;14.127;15.241;15.925;16.990;18.517;20.369;21.945;24.225;26.998;26.292;26.574;27.195;28.963
Encantado;4306809;-29,2351;-51,8703;7.038;7.208;7.373;7.826;8.611;9.404;10.128;10.301;10.766;10.698;10.790;11.442;10.978;11.058;11.698;12.125;12.979;13.380;14.285;15.274;16.260;17.531;18.395;20.200;19.115;19.906;19.396;19.762
Encruzilhada do Sul;4306908;-30,543;-52,5204;3.743;3.798;4.052;4.255;4.742;5.279;5.632;5.764;6.030;6.681;6.494;6.709;6.858;6.986;7.279;7.702;8.176;8.479;8.747;9.078;9.665;10.359;10.880;11.608;11.211;11.569;11.871;12.075
Engenho Velho;4306924;-27,706;-52,9145;-;-;69;108;120;145;152;169;194;216;220;256;329;323;307;313;325;342;364;382;396;456;466;505;533;529;561;588
Entre Rios do Sul;4306957;-27,5298;-52,7347;423;420;483;537;614;676;725;743;758;792;764;780;804;800;803;880;979;955;1.095;1.149;1.202;1.240;1.339;1.503;1.472;1.530;1.597;1.591
Entre-ijuís;4306932;-28,3686;-54,2686;1.339;1.341;1.426;1.541;1.737;1.853;1.920;1.999;2.064;2.086;2.037;2.030;2.089;2.157;2.191;2.220;2.339;2.498;2.681;2.946;3.204;3.501;3.686;4.309;4.287;4.591;4.811;5.084
Erebango;4306973;-27,8544;-52,3005;591;614;671;705;788;839;884;849;856;861;839;839;871;867;871;885;925;959;1.023;1.157;1.204;1.285;1.367;1.446;1.430;1.533;1.663;1.666
Erechim;4307005;-27,6364;-52,2697;29.126;29.941;31.819;33.412;36.424;39.665;43.047;45.263;46.428;48.973;47.178;47.144;46.870;47.866;48.508;50.329;53.793;55.674;60.104;63.941;66.905;69.445;76.293;83.318;81.644;86.802;89.242;93.540
Ernestina;4307054;-28,4977;-52,5836;277;300;347;400;453;511;561;601;620;643;640;654;693;736;745;771;839;851;936;993;1.030;1.109;1.193;1.356;1.390;1.478;1.579;1.577
Erval Grande;4307203;-27,3926;-52,574;512;500;523;548;582;567;601;626;650;691;681;726;809;869;897;923;975;998;1.139;1.326;1.381;1.500;1.645;1.931;1.979;2.060;2.174;2.333
Erval Seco;4307302;-27,5443;-53,5005;1.284;1.214;1.125;1.179;1.260;1.317;1.355;1.352;1.381;1.537;1.476;1.478;1.562;1.553;1.520;1.537;1.624;1.699;1.810;1.970;2.108;2.292;2.484;2.831;2.847;2.934;2.987;3.088
Esmeralda;4307401;-28,0518;-51,1933;589;606;640;684;750;903;1.185;1.112;1.158;1.221;965;1.053;1.121;1.101;1.094;1.057;1.162;1.176;1.253;1.321;1.346;1.419;1.552;1.618;1.592;1.684;1.732;1.895
Esperança do Sul;4307450;-27,3603;-53,9891;-;-;-;-;-;-;185;211;220;266;291;284;348;329;329;328;341;331;366;495;494;578;666;844;930;980;1.028;1.095
Espumoso;4307500;-28,7286;-52,8461;3.527;3.411;3.592;3.835;4.164;4.370;4.526;4.726;4.957;5.027;4.996;5.195;5.290;5.308;5.497;5.493;5.981;6.182;6.622;6.881;7.321;7.807;8.455;9.877;9.431;10.174;10.237;10.738
Estação;4307559;-27,9135;-52,2635;1.637;1.719;1.762;1.872;2.108;2.305;2.481;2.581;2.640;2.654;2.580;2.639;2.673;2.719;2.772;2.768;2.835;2.926;3.114;3.091;3.233;3.648;3.685;4.059;3.945;4.193;4.205;4.260
Estância Velha;4307609;-29,6535;-51,1843;13.667;14.002;14.483;15.477;16.540;17.952;19.695;20.271;22.061;23.371;23.460;24.714;25.455;26.366;27.573;28.427;30.278;30.896;32.424;34.767;36.866;40.216;42.831;47.894;44.532;45.938;47.480;49.405
Esteio;4307708;-29,852;-51,1841;33.687;34.947;36.568;38.724;42.917;46.087;48.589;51.193;51.119;52.420;52.502;52.971;52.191;52.313;54.418;54.497;57.914;58.763;60.610;63.507;66.089;70.817;72.981;80.743;73.349;73.553;72.541;72.433
Estrela;4307807;-29,5016;-51,9605;10.252;10.545;10.624;11.128;12.252;13.479;14.958;14.723;15.066;15.498;15.311;15.646;15.561;16.017;16.531;17.134;18.458;18.708;19.926;21.247;22.969;24.739;26.155;28.765;26.349;27.023;27.080;27.703
Estrela Velha;4307815;-29,1713;-53,1639;-;-;-;-;-;-;-;...;-;-;0;0;2;3;6;7;8;9;10;12;11;12;11;14;13;15;11;11
Eugênio de Castro;4307831;-28,5315;-54,1506;327;358;426;453;517;564;588;619;648;663;683;678;748;725;744;745;764;815;884;946;986;1.056;1.122;1.302;1.298;1.366;1.426;1.483
Fagundes Varela;4307864;-28,8794;-51,7014;237;257;288;305;396;420;468;520;549;573;567;569;682;665;698;693;734;796;880;947;991;1.053;1.123;1.230;1.251;1.287;1.276;1.408
Farroupilha;4307906;-29,2227;-51,3419;16.368;17.062;18.226;19.971;21.869;24.499;27.152;28.403;28.234;29.509;28.520;28.568;28.569;28.511;29.176;29.505;33.013;34.829;37.732;40.312;42.042;44.045;48.305;51.482;50.673;53.263;54.799;57.727
Faxinal do Soturno;4308003;-29,5788;-53,4484;-;-;-;-;-;-;-;-;-;-;-;-;-;-;-;-;-;-;-;-;0;0;0;-;-;0;0;0
Faxinalzinho;4308052;-27,4238;-52,6789;279;266;289;318;386;450;485;491;530;543;539;535;587;575;580;601;654;653;708;771;813;913;1.010;1.083;1.073;1.131;1.183;1.237
Fazenda Vilanova;4308078;-29,5885;-51,8217;-;-;-;-;-;-;611;605;625;646;728;845;881;888;917;991;1.133;1.259;1.394;1.477;1.625;1.825;1.971;2.330;2.271;2.270;2.371;2.436
Feliz;4308102;-29,4527;-51,3032;4.004;4.390;3.574;3.739;4.187;4.763;4.850;5.211;5.288;5.513;5.605;5.648;5.849;5.855;5.944;5.934;6.332;6.484;6.949;7.597;7.875;8.626;9.344;10.660;10.537;11.100;11.642;12.047
Flores da Cunha;4308201;-29,0262;-51,1875;5.887;5.993;6.131;6.574;7.223;7.975;9.021;9.501;9.904;10.797;10.449;10.536;11.048;11.138;11.278;11.523;12.287;13.466;14.575;15.660;16.512;17.452;19.401;20.646;20.230;21.672;21.809;22.912
Floriano Peixoto;4308250;-27,8614;-52,0838;-;-;-;-;-;-;-;-;-;-;-;-;-;92;-;-;-;-;-;-;-;-;-;-;-;-;-;-
Fontoura Xavier;4308300;-28,9816;-52,3445;-;-;-;-;-;-;-;-;-;-;-;-;-;-;-;-;-;-;-;-;0;0;0;-;-;0;0;0
Formigueiro;4308409;-30,0035;-53,4959;933;941;1.009;1.112;1.250;1.361;1.478;1.491;1.679;1.702;1.705;1.774;1.815;1.975;1.965;1.980;2.018;2.133;2.240;2.355;2.496;2.646;2.727;3.129;3.221;3.248;3.431;3.540
Fortaleza dos Valos;4308458;-28,7986;-53,2249;564;569;619;658;731;843;1.029;1.100;1.155;1.207;1.183;1.197;1.204;1.160;1.239;1.237;1.288;1.345;1.418;1.430;1.485;1.567;1.652;1.962;1.902;2.074;1.956;2.026
Frederico Westphalen;4308508;-27,3586;-53,3958;7.827;7.653;8.199;8.734;9.500;10.443;10.680;10.750;11.170;11.136;11.005;11.090;11.328;11.554;11.814;11.893;12.845;13.524;14.794;16.110;16.825;18.266;19.416;21.866;21.878;23.425;24.311;25.626
Garibaldi;4308607;-29,259;-51,5352;7.770;7.872;8.383;9.169;10.743;11.714;12.669;13.138;13.795;14.698;13.885;13.711;14.067;14.356;14.746;15.028;16.192;17.093;19.100;19.784;21.021;22.096;24.216;26.650;26.283;27.969;28.232;29.790
Garruchos;4308656;-28,1944;-55,6383;-;-;142;216;261;262;450;370;580;697;767;777;742;711;696;729;723;762;787;819;863;982;1.025;1.180;1.190;1.141;1.138;1.191
Gaurama;4308706;-27,5856;-52,0915;1.086;1.062;1.144;1.193;1.343;1.434;1.518;1.548;1.582;1.709;1.661;1.703;1.769;1.726;1.753;1.854;1.977;1.979;2.105;2.229;2.265;2.461;2.728;3.014;3.037;3.174;3.334;3.461
General Câmara;4308805;-29,9032;-51,7612;1.763;1.767;1.856;2.035;2.335;2.565;2.934;2.879;3.000;3.254;3.246;3.153;3.245;3.182;3.182;3.229;3.420;3.401;3.524;3.685;3.889;4.109;4.416;5.124;4.636;4.710;4.717;4.755
Gentil;4308854;-28,4316;-52,0337;-;-;53;77;97;120;130;148;168;191;181;206;220;222;240;248;265;271;293;330;343;382;422;500;511;521;532;573
Getúlio Vargas;4308904;-27,8911;-52,2294;5.145;5.107;5.237;5.499;6.078;6.603;6.921;7.024;7.067;7.242;7.045;7.054;7.134;7.151;7.300;7.405;7.878;8.159;8.690;8.951;9.413;9.768;10.162;11.468;11.350;12.000;12.207;12.690
Giruá;4309001;-28,0297;-54,3517;5.455;5.304;5.552;5.722;6.275;6.565;6.731;6.744;6.680;6.825;6.306;6.204;6.200;6.479;6.495;6.225;6.462;6.689;7.120;7.600;7.764;8.423;8.675;9.665;9.445;9.792;10.172;10.574
Glorinha;4309050;-29,8798;-50,7734;1.564;1.676;1.706;1.805;2.041;2.182;2.394;2.678;2.459;2.708;2.528;2.521;2.821;2.876;2.875;2.825;3.052;3.178;3.493;3.838;3.978;4.366;4.933;5.605;5.599;5.702;6.174;6.452
Gramado;4309100;-29,3733;-50,8762;10.344;10.466;11.717;12.399;14.001;15.497;16.837;18.064;19.394;20.439;19.799;20.632;21.148;21.451;22.240;22.521;24.802;26.030;28.083;29.704;30.831;32.105;35.707;39.294;39.646;44.071;45.758;48.470
Gramado dos Loureiros;4309126;-27,4429;-52,9149;-;-;-;...;...;...;...;...;18;20;16;9;33;17;31;35;24;29;37;60;57;73;77;88;96;94;97;114
Gramado Xavier;4309159;-29,2706;-52,5795;-;-;16;2;8;24;15;12;15;20;28;36;63;90;88;91;106;91;87;69;77;78;83;97;113;112;128;118
Gravataí;4309209;-29,9413;-50,9869;81.008;83.520;86.369;90.922;102.788;113.558;123.373;129.725;135.201;138.163;133.988;133.015;130.243;129.913;131.508;134.983;147.339;155.161;164.547;173.357;182.741;195.445;209.226;232.176;224.789;228.951;233.673;241.471
Guabiju;4309258;-28,5421;-51,6948;168;169;182;210;228;261;280;297;324;330;329;328;359;350;363;363;393;433;499;498;478;501;523;574;601;632;662;752
Guaíba;4309308;-30,1086;-51,3233;34.131;35.569;36.035;36.545;41.081;43.728;48.292;49.797;51.267;51.226;49.722;47.850;46.549;44.905;44.925;44.889;46.751;47.645;49.673;52.326;56.478;59.599;59.849;72.773;68.280;67.198;68.765;75.027
Guaporé;4309407;-28,8399;-51,8895;6.319;6.418;6.730;7.095;8.047;8.677;9.445;9.976;10.275;10.920;10.403;10.614;10.580;10.626;11.106;11.243;12.202;13.157;14.136;15.111;15.998;16.786;18.057;19.679;19.703;20.897;21.354;22.323
Guarani das Missões;4309506;-28,1491;-54,5629;1.914;1.909;2.027;2.112;2.230;2.430;2.563;2.425;2.521;2.517;2.463;2.479;2.513;2.480;2.564;2.610;2.723;2.891;3.130;3.385;3.487;3.614;3.717;4.317;4.167;4.321;4.391;4.530
Harmonia;4309555;-29,5456;-51,4185;444;545;585;639;726;902;1.065;975;931;997;1.023;1.110;1.167;1.214;1.261;1.327;1.381;1.504;1.614;1.786;1.934;2.114;2.290;2.669;2.686;2.941;2.984;3.091
Herval;4307104;-32,024;-53,3944;1.042;1.107;1.153;1.166;1.302;1.432;1.523;1.567;1.639;1.670;1.699;1.770;1.775;1.769;1.896;1.938;2.101;2.246;2.351;2.456;2.604;2.655;2.566;2.963;2.910;2.929;3.017;3.067
Herveiras;4309571;-29,4552;-52,6553;-;-;-;-;-;-;95;99;108;122;153;180;241;235;257;265;309;348;394;423;425;429;466;549;577;567;620;539
Horizontina;4309605;-27,6282;-54,3053;6.605;6.285;6.611;6.985;7.626;7.841;8.321;8.640;8.877;8.992;8.778;8.852;8.946;9.392;9.571;9.488;9.622;10.157;11.082;11.403;11.880;12.744;13.167;15.227;14.804;15.494;15.767;15.880
Hulha Negra;4309654;-31,4067;-53,8667;-;-;-;-;-;35;150;164;146;130;143;117;86;86;69;61;61;61;56;52;63;67;74;64;50;43;55;49
Humaitá;4309704;-27,5691;-53,9695;1.244;1.189;1.232;1.277;1.378;1.400;1.412;1.437;1.438;1.496;1.455;1.480;1.506;1.488;1.491;1.553;1.599;1.663;1.825;1.936;2.013;2.211;2.321;2.581;2.605;2.700;2.810;2.923
Ibarama;4309753;-29,4203;-53,1295;195;232;236;250;272;324;376;368;382;402;443;476;504;531;548;592;646;686;757;792;830;918;995;1.167;1.122;1.125;1.118;1.158
Ibiraiaras;4309902;-28,3741;-51,6377;983;1.015;1.064;1.143;1.275;1.481;1.651;1.707;1.754;1.775;1.749;1.726;1.861;1.932;1.988;1.971;2.087;2.140;2.462;2.556;2.697;2.891;3.126;3.359;3.336;3.570;3.550;3.553
Ibirapuitã;4309951;-28,6247;-52,5158;340;402;438;454;516;577;630;662;708;740;753;757;806;872;905;948;1.023;1.029;1.154;1.239;1.343;1.450;1.581;1.714;1.666;1.646;1.483;1.556
Ibirubá;4310009;-28,6302;-53,0961;5.436;5.353;5.881;6.042;6.574;6.877;6.960;7.390;7.634;7.647;7.498;7.489;7.629;8.064;8.131;8.036;8.449;8.769;9.373;9.766;10.317;11.058;11.909;13.371;13.027;13.928;14.113;14.729
Igrejinha;4310108;-29,5693;-50,7919;8.909;9.209;10.025;10.369;11.414;12.507;13.787;14.303;14.850;15.780;15.459;15.946;15.655;16.143;17.152;17.458;19.859;19.827;20.707;21.991;23.041;24.688;26.258;28.851;28.398;29.724;31.332;32.955
Ijuí;4310207;-28,3881;-53,92;-;5;12;12;16;16;...;9;11;9;4;1;3;4;3;4;4;4;3;4;1;0;0;-;-;0;0;0
Ilópolis;4310306;-28,9282;-52,1258;542;552;608;628;808;844;858;943;957;991;987;1.002;1.041;1.070;1.106;1.122;1.207;1.220;1.284;1.353;1.361;1.459;1.610;1.753;1.810;1.803;1.877;1.949
Imbé;4310330;-29,9753;-50,1281;11.373;11.475;7.847;13.257;15.073;16.110;17.117;19.244;20.390;20.624;22.235;23.988;24.815;25.093;25.142;26.235;27.149;27.809;29.117;30.575;31.962;33.101;35.022;38.312;37.883;37.574;39.228;38.637
Imigrante;4310363;-29,3508;-51,7747;328;366;413;465;552;677;1.023;976;817;895;886;955;937;966;1.006;1.055;1.106;1.094;1.200;1.309;1.355;1.444;1.589;1.725;1.641;1.722;1.738;1.801
Independência;4310405;-27,8354;-54,1886;1.129;1.144;1.214;1.266;1.379;1.477;1.373;1.563;1.626;1.619;1.540;1.516;1.555;1.594;1.631;1.646;1.749;1.785;1.933;2.064;2.163;2.369;2.457;2.760;2.653;2.770;2.890;3.043
Inhacorá;4310413;-27,8752;-54,015;-;-;163;246;274;308;345;368;386;425;408;427;431;451;455;451;481;492;560;583;658;686;726;807;837;850;903;967
Ipê;4310439;-28,8171;-51,2859;744;769;809;866;990;1.212;1.264;1.303;1.335;1.423;1.380;1.305;1.421;1.407;1.415;1.544;1.618;1.742;1.816;2.095;2.113;2.339;2.587;2.976;2.986;3.095;3.154;3.446
Ipiranga do Sul;4310462;-27,9404;-52,4271;224;234;236;290;334;351;360;369;358;362;364;367;385;386;398;401;414;430;466;513;538;561;614;793;694;726;757;782
Iraí;4310504;-27,1951;-53,2543;1.956;1.934;1.965;1.968;2.086;2.216;2.286;2.252;2.353;2.396;2.321;2.348;2.395;2.412;2.467;2.431;2.385;2.416;2.657;2.744;2.866;3.105;3.221;3.638;3.666;3.695;3.703;3.834
Itaara;4310538;-29,6013;-53,7725;-;-;-;-;-;-;2.044;2.077;2.385;2.448;2.437;2.632;2.722;2.780;2.847;2.937;3.083;3.144;3.268;3.349;3.669;3.870;3.971;4.433;4.285;4.513;4.665;4.929
Itacurubi;4310553;-28,7913;-55,2447;292;282;311;332;404;497;615;588;545;573;623;661;703;748;729;737;773;802;829;884;974;1.062;1.118;1.245;1.253;1.278;1.391;1.407
Itapuca;4310579;-28,7768;-52,1693;-;-;-;-;-;-;...;...;1;2;6;10;19;12;10;7;11;12;11;23;28;23;17;18;31;30;27;22
Itaqui;4310603;-29,131;-56,5515;14.273;14.930;15.573;16.127;17.933;18.521;19.037;17.506;19.290;20.047;19.031;18.742;18.173;18.546;18.776;19.143;19.592;20.247;21.512;21.642;22.102;23.426;25.593;30.048;26.412;26.481;26.874;28.225
Itati;4310652;-29,48832;-50,11358;-;-;-;-;-;-;-;-;-;-;348;376;371;374;389;386;403;455;508;525;549;623;725;827;827;825;981;926
Itatiba do Sul;4310702;-27,3846;-52,4538;422;433;491;517;577;608;657;671;675;684;654;625;751;710;727;719;759;764;833;934;942;1.014;1.029;1.161;1.201;1.196;1.240;1.285
Ivorá;4310751;-29,5232;-53,5842;-;-;-;-;4;20;11;2;16;12;12;12;26;19;17;14;17;23;22;27;21;20;30;37;58;48;53;54
Ivoti;4310801;-29,5995;-51,1533;6.339;6.672;6.002;6.432;6.962;7.730;8.621;8.783;9.476;9.991;10.134;10.666;11.233;11.871;12.568;12.953;13.955;14.190;15.031;16.108;17.420;19.041;20.880;22.968;21.094;22.139;22.614;23.248
Jacutinga;4310900;-27,7291;-52,5372;753;767;797;857;1.001;1.058;1.098;1.121;1.122;1.181;1.131;1.149;1.190;1.366;1.311;1.290;1.372;1.386;1.521;1.594;1.606;1.749;1.843;2.050;2.070;2.100;2.148;2.270
Jaguarão;4311007;-32,5604;-53,377;10.557;10.901;11.543;11.549;12.215;12.582;13.112;13.164;13.902;14.738;13.953;13.349;12.721;12.507;12.612;12.732;13.777;14.000;14.545;15.572;16.370;17.013;18.269;19.540;18.449;18.616;19.092;19.630
Jaguari;4311106;-29,4936;-54,703;2.659;2.745;2.831;2.909;3.213;3.322;3.611;3.633;3.769;3.845;3.775;3.722;3.759;3.812;3.859;3.944;4.203;4.331;4.554;4.726;4.985;5.313;5.354;6.056;5.607;5.634;5.797;6.083
Jaquirana;4311122;-28,8811;-50,3637;436;469;567;606;692;790;884;1.089;1.101;1.205;1.120;1.042;1.106;1.170;1.200;1.268;1.330;1.429;1.467;1.547;1.631;1.725;1.723;1.870;2.008;2.096;2.182;2.276
Jari;4311130;-29,2922;-54,2237;-;-;-;-;-;-;-;-;4;10;10;6;35;38;44;70;84;101;104;132;125;116;134;174;206;195;198;209
Jóia;4311155;-28,6435;-54,1141;749;759;841;910;993;1.028;1.105;1.127;1.138;1.130;1.105;1.079;1.190;1.232;1.241;1.176;1.189;1.262;1.421;1.534;1.625;1.790;1.918;2.164;2.124;2.153;2.231;2.371
Júlio de Castilhos;4311205;-29,2298;-53,6772;6.110;6.039;5.994;6.015;6.455;6.841;7.181;7.366;7.670;7.850;7.505;7.597;7.788;7.972;7.927;8.098;8.536;8.706;9.025;9.368;9.625;10.208;10.743;11.945;11.738;12.275;12.617;13.264
Lagoa Bonita do Sul;4311239;-29,4882;-53,0138;-;-;-;-;-;-;-;-;-;-;-;17;119;167;162;155;172;196;212;225;251;264;307;366;409;441;420;384
Lagoa dos Três Cantos;4311270;-28,5676;-52,8618;-;-;197;268;293;301;307;333;353;356;361;389;405;442;448;447;479;490;528;574;620;653;726;826;822;878;695;723
Lagoa Vermelha;4311304;-28,2093;-51,5248;7.554;7.649;8.063;8.546;9.322;10.357;11.432;11.627;11.865;11.788;11.539;11.525;11.758;11.884;11.914;11.915;12.566;13.153;13.791;14.691;15.609;16.345;17.691;19.148;18.613;19.823;20.467;21.144
Lagoão;4311254;-29,2348;-52,7997;11;13;17;15;18;19;4;2;9;9;15;15;24;35;29;45;50;66;93;92;110;111;121;126;137;139;142;134
Lajeado;4311403;-29,4591;-51,9644;20.783;21.092;22.534;23.614;26.105;27.633;28.833;29.731;31.201;32.184;31.387;31.882;32.010;33.126;35.156;35.912;38.418;38.716;40.750;42.913;44.815;48.170;49.085;55.168;50.645;51.900;50.991;52.449
Lajeado do Bugre;4311429;-27,6913;-53,1818;-;-;2;1;...;...;...;...;7;17;14;7;24;16;13;20;24;37;55;63;51;49;50;60;92;94;91;80
Lavras do Sul;4311502;-30,8071;-53,8931;1.880;1.895;2.038;2.046;2.318;2.434;2.674;2.736;2.891;2.923;2.862;2.861;2.826;2.878;2.991;2.991;3.119;3.232;3.355;3.524;3.687;3.866;3.998;4.242;4.149;4.096;4.281;4.451
Liberato Salzano;4311601;-27,601;-53,0753;571;509;500;532;579;605;618;608;634;710;687;672;753;761;770;764;784;778;833;952;971;1.064;1.188;1.403;1.422;1.517;1.576;1.657
Lindolfo Collor;4311627;-29,5859;-51,2141;-;-;881;1.134;1.184;1.329;1.467;1.496;1.668;1.834;1.881;1.965;2.092;2.302;2.377;2.426;2.536;2.643;2.753;2.916;3.136;3.463;3.878;4.326;4.045;4.264;4.498;4.746
Linha Nova;4311643;-29,4679;-51,2003;-;-;79;186;212;289;320;283;277;259;287;303;374;329;330;329;358;385;399;475;467;489;559;635;659;670;723;727
Maçambará;4311718;-29,1445;-56,0674;-;-;-;-;-;-;659;797;872;944;954;935;1.073;1.166;1.118;1.165;1.210;1.290;1.360;1.426;1.461;1.528;1.549;1.734;1.708;1.647;1.641;1.684
Machadinho;4311700;-27,5667;-51,6668;773;780;815;814;860;906;999;994;990;1.139;1.173;1.184;1.266;1.248;1.328;1.425;1.615;1.630;1.728;1.852;1.982;2.177;2.333;2.605;2.667;2.789;2.855;3.022
Mampituba;4311734;-29,2136;-49,9311;-;-;-;-;-;-;155;212;193;179;161;162;185;191;195;167;180;205;221;224;251;251;289;345;362;416;519;519
Manoel Viana;4311759;-29,5859;-55,4841;-;-;986;1.495;1.715;1.834;1.958;2.028;2.049;2.178;2.129;2.220;2.257;2.435;2.610;2.713;2.825;3.035;3.168;3.262;3.491;3.666;3.781;4.183;4.100;4.044;4.205;4.395
Maquiné;4311775;-29,6798;-50,2079;-;-;895;1.084;1.225;1.418;1.937;2.107;2.154;2.264;2.032;2.056;2.150;2.238;2.342;2.423;2.546;2.623;2.837;3.000;3.079;3.284;3.496;3.874;3.747;3.804;4.139;4.119
Maratá;4311791;-29,5457;-51,5573;-;-;173;221;253;380;471;420;390;416;442;485;484;587;577;568;610;683;694;717;742;767;844;918;902;918;959;971
Marau;4311809;-28,4498;-52,1986;6.526;6.978;7.486;8.162;8.960;10.063;11.499;12.331;13.266;13.663;13.555;13.936;14.173;14.810;15.550;16.491;17.796;18.871;20.334;21.454;22.920;24.188;26.145;28.719;27.878;29.814;30.555;31.890
Marcelino Ramos;4311908;-27,4676;-51,9095;1.120;1.115;1.180;1.287;1.405;1.469;1.538;1.538;1.626;1.680;1.590;1.547;1.637;1.565;1.587;1.568;1.697;1.714;1.793;2.002;1.990;2.147;2.251;2.480;2.494;2.626;2.797;2.850
Mariana Pimentel;4311981;-30,3531;-51,5803;-;-;274;358;428;464;494;524;515;511;476;477;480;506;530;532;555;608;660;754;798;863;981;1.092;1.080;1.083;1.159;1.213
Mariano Moro;4312005;-27,3568;-52,1467;334;328;351;365;432;470;497;529;530;589;564;541;608;610;620;617;651;639;685;746;748;814;845;897;999;991;1.014;1.050
Mata;4312104;-29,5649;-54,4641;671;722;788;841;970;1.020;1.165;1.174;1.217;1.288;1.338;1.336;1.315;1.350;1.365;1.441;1.504;1.580;1.656;1.680;1.758;1.881;1.924;2.173;2.118;2.176;2.268;2.377
Mato Leitão;4312153;-29,5285;-52,1278;-;-;303;453;517;553;606;605;769;827;882;916;963;1.047;1.103;1.165;1.236;1.370;1.507;1.613;1.828;1.990;2.181;2.526;2.730;2.740;3.091;3.070
Maximiliano de Almeida;4312203;-27,6325;-51,8021;818;842;904;941;1.047;1.064;1.107;1.161;1.240;1.312;1.323;1.293;1.380;1.357;1.368;1.396;1.395;1.467;1.582;1.665;1.732;1.905;2.032;2.160;2.201;2.220;2.262;2.331
Minas do Leão;4312252;-30,1346;-52,0423;-;-;2.059;2.290;2.550;2.751;3.034;3.084;3.106;3.144;3.118;3.120;3.199;3.246;3.323;3.377;3.561;3.775;3.964;4.037;4.421;4.666;4.852;5.409;5.111;5.363;5.439;5.525
Miraguaí;4312302;-27,497;-53,6891;622;572;608;638;711;737;736;787;816;838;829;838;849;864;867;877;882;928;1.048;1.252;1.413;1.607;1.611;1.876;2.001;2.187;2.227;2.260
Montauri;4312351;-28,6462;-52,0767;91;123;152;176;191;212;237;245;263;282;294;307;327;333;331;323;348;369;453;451;486;506;551;613;626;668;711;747
Monte Alegre dos Campos;4312377;-28,6805;-50,7834;-;-;-;-;-;-;204;214;176;195;190;200;259;275;273;297;315;304;395;461;513;562;590;662;755;746;779;835
Monte Belo do Sul;4312385;-29,1607;-51,6333;-;-;205;229;295;333;318;365;381;406;408;423;527;506;511;474;499;514;631;663;670;692;759;825;833;833;854;910
Montenegro;4312401;-29,6824;-51,4679;20.997;21.825;21.835;22.440;24.775;26.876;29.531;29.618;30.963;31.598;31.706;32.180;32.614;33.781;35.126;36.351;39.102;39.749;41.089;43.110;45.283;48.845;50.795;56.629;52.109;53.459;54.111;55.457
Mormaço;4312427;-28,6968;-52,6999;-;-;94;133;175;219;256;243;251;257;252;264;297;306;309;313;340;360;426;522;560;638;702;775;816;835;851;881
Morrinhos do Sul;4312443;-29,3578;-49,9328;-;-;114;151;169;205;437;589;504;491;412;428;443;496;479;489;550;542;542;536;541;577;644;726;699;734;826;830
Morro Redondo;4312450;-31,5887;-52,6261;554;597;649;688;771;914;1.007;952;963;1.093;1.077;1.087;1.069;1.128;1.224;1.267;1.342;1.461;1.508;1.653;1.808;1.918;2.107;2.337;2.344;2.364;2.470;2.519
Morro Reuter;4312476;-29,5379;-51,0811;-;-;1.274;1.557;1.844;2.043;2.287;2.324;2.489;2.684;2.692;2.770;2.828;2.938;3.090;3.120;3.309;3.435;3.572;3.741;3.951;4.169;4.615;5.149;4.965;5.186;5.396;5.608
Mostardas;4312500;-31,1054;-50,9167;1.814;1.837;1.985;2.184;2.475;3.005;3.471;3.626;3.921;4.171;4.237;4.443;5.692;4.983;5.133;5.368;5.590;5.724;6.045;6.604;7.169;7.204;7.627;8.289;8.056;7.922;8.383;8.129
Muçum;4312609;-29,163;-51,8714;1.630;1.708;1.811;1.909;2.107;2.386;2.225;2.251;2.299;2.259;2.275;2.331;2.364;2.382;2.563;2.657;2.828;2.976;3.193;3.340;3.567;3.764;3.849;4.243;3.913;4.045;4.044;4.067
Muitos Capões;4312617;-28,3132;-51,1836;-;-;-;-;-;-;350;336;341;386;390;396;589;609;598;538;571;566;627;743;746;830;911;991;1.039;1.048;1.112;1.219
Muliterno;4312625;-28,3253;-51,7697;-;-;-;-;-;10;13;24;14;9;5;2;14;12;20;18;15;15;28;19;18;19;26;41;35;46;38;37
Não-Me-Toque;4312658;-28,4548;-52,8182;4.337;4.665;4.967;5.372;5.808;6.122;6.327;6.794;7.026;7.082;6.962;7.163;7.329;7.602;7.628;7.541;7.992;8.490;9.063;9.635;10.111;10.827;11.733;12.926;12.629;13.306;13.576;14.052
Nonoai;4312708;-27,3689;-52,7756;2.541;2.578;2.695;2.844;3.103;3.280;3.384;3.599;3.858;3.793;3.753;3.778;3.942;3.964;3.986;3.974;4.222;4.671;5.134;5.234;5.578;5.987;6.322;7.138;7.144;7.776;8.003;8.248
Nova Alvorada;4312757;-28,6822;-52,1631;-;-;52;64;98;133;125;119;120;132;131;134;178;162;168;159;177;153;128;164;160;187;191;212;271;322;268;289
Nova Araçá;4312807;-28,6537;-51,7458;579;623;682;756;840;930;1.004;1.015;1.070;1.128;1.152;1.213;1.345;1.345;1.312;1.371;1.503;1.909;1.880;1.991;2.220;2.407;2.660;2.891;2.840;3.100;3.148;3.304
Nova Bassano;4312906;-28,7291;-51,7072;1.201;1.322;1.416;1.551;1.734;1.901;2.106;2.280;2.405;2.518;2.430;2.455;2.556;2.480;2.635;2.652;2.877;3.461;3.730;3.878;4.138;4.371;4.751;5.224;5.276;5.509;5.702;5.898
Nova Boa Vista;4312955;-27,9926;-52,9784;-;-;76;120;119;145;157;177;204;238;236;236;270;289;298;338;376;357;370;416;426;475;532;629;650;707;737;777
Nova Bréscia;4313003;-29,2182;-52,0319;538;557;585;626;683;752;935;950;874;896;934;989;981;999;1.019;1.016;1.078;1.139;1.217;1.327;1.387;1.445;1.569;1.648;1.693;1.658;1.620;1.636
Nova Candelária;4313011;-27,6137;-54,1074;-;-;-;-;-;-;154;209;209;206;201;203;246;251;275;289;334;375;438;541;596;702;787;968;1.113;1.192;1.312;1.448
Nova Esperança do Sul;4313037;-29,4066;-54,8293;612;675;729;787;834;918;1.064;1.146;1.236;1.308;1.435;1.548;1.678;1.732;1.823;1.846;1.981;2.005;2.119;2.218;2.351;2.535;2.725;3.133;2.993;3.023;3.186;3.264
Nova Hartz;4313060;-29,5807;-50,9051;3.403;3.617;4.037;4.497;4.860;5.442;6.472;6.915;7.319;8.005;8.166;8.348;8.429;8.528;8.594;8.848;10.062;10.240;11.025;11.596;12.242;13.312;14.204;16.072;15.867;16.641;17.339;17.786
Nova Pádua;4313086;-29,0275;-51,3098;-;-;201;237;259;311;423;484;482;490;463;473;721;570;552;605;606;632;646;720;795;819;891;986;1.008;1.039;1.078;1.139
Nova Palma;4313102;-29,471;-53,4689;-;-;1;-;-;-;-;-;-;-;-;-;-;-;-;-;-;-;-;-;0;0;0;-;-;-1;0;0
Nova Petrópolis;4313201;-29,3741;-51,1135;5.683;5.797;4.984;5.360;6.038;6.668;7.214;7.673;8.049;8.665;8.520;8.716;9.177;9.062;9.335;9.397;10.084;10.312;11.276;11.903;12.220;13.023;14.410;15.932;15.875;17.229;17.478;18.457
Nova Prata;4313300;-28,7799;-51,6113;5.402;5.518;5.739;6.141;6.886;7.426;8.051;8.530;8.954;9.562;9.103;9.230;9.778;10.107;10.570;10.852;11.760;12.522;13.495;14.364;14.981;15.594;16.790;18.365;18.274;19.298;19.619;20.748
Nova Roma do Sul;4313359;-28,9882;-51,4095;375;403;435;464;515;658;731;744;772;818;800;797;829;879;905;1.054;1.160;1.053;1.125;1.281;1.384;1.407;1.506;1.593;1.559;1.577;1.680;1.673
Nova Santa Rita;4313375;-29,8525;-51,2837;-;-;3.795;4.621;5.617;6.362;7.129;7.646;8.379;8.773;9.190;9.283;9.574;10.098;11.116;11.450;12.254;13.264;14.581;15.908;16.475;17.988;19.164;21.576;20.300;20.811;21.795;22.568
Novo Barreiro;4313490;-27,9077;-53,1103;-;-;122;162;177;201;210;225;256;319;326;322;384;413;416;432;467;592;644;781;844;956;1.042;1.224;1.395;1.466;1.478;1.537
Novo Cabrais;4313391;-29,7338;-52,9489;-;-;-;-;-;-;-;20;6;12;14;13;29;39;38;40;38;41;48;50;53;71;73;80;90;95;104;89
Novo Hamburgo;4313409;-29,6876;-51,1328;113.584;112.965;117.255;121.829;130.555;141.916;149.186;151.079;162.995;173.207;169.300;172.494;172.589;175.168;181.954;182.504;192.950;195.277;201.176;209.500;216.195;229.760;238.914;263.889;243.044;243.986;242.488;243.058
Novo Machado;4313425;-27,5765;-54,5036;-;-;506;656;711;779;804;816;823;850;798;759;737;662;603;597;649;662;696;772;805;872;902;1.041;1.049;1.153;1.183;1.227
Novo Xingu;4313466;-27,7431;-53,0616;-;-;-;-;-;-;-;-;-;-;47;58;98;128;153;187;215;230;266;368;364;412;447;529;560;600;645;670
Osório;4313508;-29,8881;-50,2667;17.523;16.975;15.952;17.143;19.070;20.970;22.923;23.886;24.567;25.348;23.967;24.104;24.548;24.685;25.386;26.516;27.704;28.481;30.311;32.506;33.968;35.776;38.645;42.681;41.793;43.009;44.314;44.645
Paim Filho;4313607;-27,7075;-51,763;592;607;653;709;763;786;758;867;901;981;1.002;1.008;1.047;977;1.015;1.019;1.088;1.111;1.198;1.273;1.292;1.429;1.521;1.577;1.577;1.699;1.769;1.846
Palmares do Sul;4313656;-30,2535;-50,5103;5.108;5.546;4.788;6.203;7.080;7.662;8.316;7.950;8.537;8.458;8.458;9.183;9.297;9.472;9.658;9.908;10.326;10.488;11.031;11.695;12.141;12.487;13.424;14.227;13.722;13.490;14.010;13.764
Palmeira das Missões;4313706;-27,9006;-53,3134;12.128;11.501;11.638;12.026;13.110;13.590;14.067;14.380;14.770;15.363;14.346;14.152;13.911;13.832;13.558;13.068;15.157;16.067;17.227;18.101;19.001;19.920;20.957;23.518;23.186;24.278;24.952;26.094
Palmitinho;4313805;-27,3596;-53,558;878;909;817;845;940;1.017;1.110;1.138;1.244;1.271;1.316;1.317;1.350;1.347;1.363;1.412;1.484;1.599;1.768;1.946;2.117;2.312;2.568;2.971;3.088;3.281;3.481;3.611
Panambi;4313904;-28,2833;-53,5023;-;-;-;-;-;-;-;-;-;-;-;-;-;-;-;-;-;-;-;-;0;0;0;-;-;0;0;0
Pantano Grande;4313953;-30,1901;-52,3729;2.135;2.480;2.553;2.740;3.080;3.358;3.695;3.714;3.841;3.983;4.071;3.964;3.943;4.139;4.188;4.171;4.318;4.361;4.491;4.674;4.846;5.101;5.417;6.001;5.833;5.996;6.055;6.195
Paraí;4314001;-28,5964;-51,7896;881;888;977;1.080;1.228;1.350;1.530;1.660;1.763;1.888;1.728;1.559;2.016;1.934;1.936;2.224;2.299;2.640;2.954;3.177;3.373;3.608;3.908;4.285;4.490;4.882;4.997;5.138
Paraíso do Sul;4314027;-29,6717;-53,144;57;53;60;74;75;92;99;99;136;157;180;231;278;337;341;354;336;372;405;427;448;452;468;538;657;691;730;735
Pareci Novo;4314035;-29,6365;-51,3974;-;-;450;509;579;768;882;743;624;781;714;756;752;786;802;812;857;897;1.043;1.084;1.172;1.270;1.383;1.668;1.763;1.916;1.939;1.943
Parobé;4314050;-29,6243;-50,8312;10.994;11.881;13.180;14.565;16.135;18.239;21.099;22.171;23.095;23.808;23.602;23.471;22.894;23.261;24.195;25.224;28.535;28.665;31.365;32.520;34.469;37.152;39.681;44.728;43.270;44.108;46.292;48.261
Passa Sete;4314068;-29,4577;-52,9599;-;-;-;-;-;-;19;21;42;44;111;109;174;195;209;225;248;301;356;373;421;452;456;536;538;508;525;547
Passo do Sobrado;4314076;-29,748;-52,2748;-;-;308;392;422;499;578;627;677;678;710;754;784;907;980;1.021;1.053;1.097;1.188;1.264;1.358;1.468;1.560;1.809;1.781;1.926;1.901;1.938
Passo Fundo;4314100;-28,2576;-52,4091;64.032;62.723;65.818;68.625;75.814;82.318;89.532;94.416;98.151;100.957;96.646;96.359;96.264;100.182;102.337;105.327;113.785;116.988;124.169;130.366;135.933;140.437;152.011;166.723;163.285;173.786;175.299;183.995
Paulo Bento;4314134;-27,6978;-52,4261;-;-;-;-;-;-;-;-;-;-;137;161;241;257;283;290;321;364;431;459;476;548;611;749;815;855;914;1.084
Paverama;4314159;-29,5485;-51,7339;434;491;549;618;695;791;1.009;973;912;1.026;1.041;1.108;1.168;1.215;1.248;1.233;1.305;1.338;1.463;1.590;1.680;1.756;1.945;2.188;2.133;2.265;2.307;2.454
Pedras Altas;4314175;-31,7217;-53,5838;-;-;-;-;-;-;-;-;-;-;20;265;285;317;348;374;422;424;428;451;486;517;544;596;558;565;592;592
Pedro Osório;4314209;-31,8642;-52,8184;3.474;3.356;3.477;3.576;3.875;4.196;3.415;3.138;3.197;3.375;3.235;3.245;3.330;3.359;3.413;3.383;3.654;3.716;3.863;4.054;4.361;4.581;4.822;5.207;4.892;5.029;5.179;5.339
Pejuçara;4314308;-28,4283;-53,6579;1.043;1.040;1.161;1.203;1.318;1.363;1.420;1.446;1.497;1.514;1.478;1.418;1.472;1.482;1.489;1.446;1.491;1.469;1.601;1.698;1.756;1.817;1.938;2.203;2.159;2.227;2.290;2.410
Pelotas;4314407;-31,7649;-52,3371;126.999;131.078;137.020;140.811;155.983;164.594;174.363;175.081;181.537;182.854;178.560;172.166;171.066;172.741;177.126;182.781;199.100;199.664;207.335;222.280;233.470;243.745;263.933;283.955;268.797;268.974;273.748;280.810
Picada Café;4314423;-29,4464;-51,1367;-;-;1.237;1.482;1.749;1.902;2.105;2.186;2.238;2.452;2.296;2.270;2.202;2.216;2.302;2.353;2.445;2.553;2.651;2.779;2.890;3.123;3.402;3.702;3.691;3.938;4.066;4.195
Pinhal da Serra;4314464;-27,8634;-51,1702;-;-;-;-;-;-;-;-;-;-;240;325;368;348;344;383;417;396;445;515;553;640;619;658;626;664;656;726
Pinhal Grande;4314472;-29,345;-53,3207;-;-;194;244;306;418;534;568;613;656;686;698;771;761;817;817;848;932;992;1.104;1.124;1.166;1.294;1.488;1.492;1.489;1.523;1.607
Pinheirinho do Vale;4314498;-27,2109;-53,608;-;-;150;243;236;245;269;274;276;301;377;388;514;519;558;587;633;669;742;858;939;1.025;1.233;1.389;1.435;1.477;1.594;1.727
Pinheiro Machado;4314506;-31,5794;-53,3798;3.787;4.035;3.327;3.110;3.401;3.725;3.985;4.135;4.339;4.456;4.287;4.162;4.147;4.254;4.567;4.686;4.947;5.124;5.370;5.821;6.068;6.222;6.621;7.059;6.617;6.725;6.742;6.845
Pinto Bandeira;4314548;-29;-54;-;-;-;-;-;-;-;-;-;-;-;-;-;-;-;-;-;-;-;-;-;-;772;960;1.008;1.173;1.231;1.219
Pirapó;4314555;-28,0439;-55,2001;269;251;278;276;276;264;250;267;271;301;322;325;343;343;324;373;381;406;457;506;546;574;590;672;692;720;736;783
Piratini;4314605;-31,4473;-53,0973;2.093;2.147;2.334;2.430;2.655;3.066;3.343;3.461;3.671;3.922;4.025;4.320;4.488;4.467;4.990;5.291;5.645;5.869;6.116;6.426;7.008;7.356;7.872;8.515;8.239;8.312;8.702;8.997
Planalto;4314704;-27,3297;-53,0575;1.830;1.821;1.873;1.981;2.136;2.254;2.385;2.364;2.439;2.725;2.741;2.801;2.847;2.856;3.026;2.990;3.092;3.161;3.303;3.582;3.754;4.257;4.573;5.168;5.281;5.319;5.512;5.711
Poço das Antas;4314753;-29,4481;-51,6719;-;-;-;-;-;-;-;-;-;-;-;-;-;-;-;-;-;-;-;-;0;0;0;0;1;1;0;0
Ponte Preta;4314787;-27,6587;-52,4848;-;-;49;77;126;136;146;156;156;176;181;187;224;212;217;233;278;271;285;335;335;382;431;467;481;470;532;544
Portão;4314803;-29,7015;-51,2429;8.113;8.399;8.929;9.552;10.327;11.251;12.364;12.810;13.529;14.201;14.506;14.756;15.353;15.951;16.978;17.426;18.858;19.407;20.444;22.094;23.124;25.436;27.558;31.389;29.494;30.507;31.224;32.207
Porto Alegre;4314902;-30,032778;-51,23;875.499;871.880;885.764;912.415;988.730;1.044.115;1.114.541;1.121.213;1.147.876;1.172.563;1.135.166;1.116.343;1.100.643;1.089.828;1.113.254;1.117.783;1.188.227;1.167.141;1.200.723;1.241.628;1.222.319;1.248.579;1.281.941;1.372.737;1.255.614;1.292.701;1.241.311;1.287.232
Porto Lucena;4315008;-27,8569;-55,01;1.154;1.108;1.048;1.043;1.158;1.269;1.316;1.249;1.236;1.246;1.174;1.158;1.141;1.132;1.150;1.168;1.229;1.272;1.328;1.433;1.539;1.649;1.680;1.948;1.929;2.008;2.063;2.144
Porto Mauá;4315057;-27,5796;-54,6657;-;-;367;462;484;507;571;574;606;617;631;615;640;674;692;676;685;691;761;793;810;835;848;962;955;1.019;1.066;1.111
Porto Vera Cruz;4315073;-27,7405;-54,8994;-;-;182;218;227;252;249;237;250;286;263;323;272;264;268;281;281;275;305;328;348;354;356;412;411;460;494;515
Porto Xavier;4315107;-27,9082;-55,1379;1.681;1.744;1.862;1.990;2.207;2.342;2.354;2.568;2.846;2.851;2.811;2.778;2.710;2.795;2.931;2.916;3.072;3.444;3.658;3.722;3.905;4.117;4.253;4.759;4.759;4.996;5.109;5.429
Presidente Lucena;4315149;-29,5176;-51,1798;-;-;376;437;489;604;539;541;538;605;608;614;738;781;763;767;818;862;915;997;1.099;1.216;1.395;1.619;1.608;1.676;1.758;1.788
Protásio Alves;4315172;-28,7572;-51,4757;123;136;146;150;193;200;234;241;240;241;222;203;263;259;236;251;253;334;351;424;442;451;493;555;562;558;566;606
Putinga;4315206;-29,0045;-52,1569;-;-;-;-;-;-;-;-;-;-;-;-;-;-;-;-;-;-;-;-;0;0;325;1.166;1.168;1.243;1.288;1.375
Quaraí;4315305;-30,384;-56,4483;7.579;7.796;8.151;8.383;8.979;9.578;9.713;9.687;10.497;11.383;10.989;10.780;10.408;10.451;10.671;10.823;11.078;11.430;11.993;12.458;13.299;14.482;14.810;16.827;15.695;16.391;16.399;17.361
Quatro Irmãos;4315313;-27,8163;-52,4419;-;-;-;-;-;-;-;-;-;-;191;216;319;353;365;370;425;419;452;483;508;576;631;659;668;660;734;745
Quevedos;4315321;-29,3504;-54,0789;-;-;89;145;164;204;213;227;299;290;325;333;357;403;417;444;480;502;537;588;640;675;737;856;817;870;900;1.013
Quinze de Novembro;4315354;-28,7465;-53,1011;452;458;527;571;628;682;753;748;789;838;832;845;889;925;960;980;1.005;1.026;1.104;1.180;1.262;1.387;1.466;1.709;1.699;1.869;1.914;1.953
Redentora;4315404;-27,664;-53,6407;788;753;831;878;931;916;922;935;964;981;998;1.025;1.093;1.126;1.200;1.389;1.463;1.531;1.616;1.873;1.911;2.112;2.217;2.471;2.558;2.719;2.813;2.897
Relvado;4315453;-29,1164;-52,0778;209;208;226;257;281;347;428;392;401;396;400;456;468;469;506;522;549;586;621;645;670;691;748;860;890;898;948;961
Restinga Sêca;4315503;-29,8188;-53,3807;5;5;9;11;14;2;4;2;18;19;21;51;92;120;85;75;61;58;75;84;138;145;98;113;133;112;105;161
Rio dos Índios;4315552;-27,2973;-52,8417;-;-;62;79;97;122;126;137;158;185;181;195;385;306;304;352;337;346;397;493;486;545;546;621;660;688;740;783
Rio Grande;4315602;-32,0349;-52,1071;73.168;77.638;78.147;81.354;89.503;93.145;97.644;97.759;99.786;119.095;98.158;95.462;96.908;98.191;101.586;104.246;111.979;116.354;120.527;125.978;133.845;142.455;153.907;160.784;153.374;151.455;151.742;154.732
Rio Pardo;4315701;-29,988;-52,3711;9.948;9.774;10.190;10.542;11.826;12.680;14.086;13.663;14.232;14.811;14.131;13.980;13.835;14.253;14.615;15.181;16.303;17.012;17.644;18.305;19.237;20.843;21.479;24.074;22.366;22.429;22.341;22.964
Riozinho;4315750;-29,639;-50,4488;557;630;666;698;800;906;1.044;1.203;1.273;1.330;1.344;1.368;1.490;1.483;1.488;1.502;1.588;1.627;1.693;1.799;1.924;2.018;2.219;2.453;2.655;2.689;2.741;2.853
Roca Sales;4315800;-29,2884;-51,8658;2.021;2.103;2.190;2.315;2.526;2.931;3.236;3.187;3.238;3.366;3.472;3.598;3.621;3.761;3.911;4.166;4.376;4.470;4.788;5.241;5.607;6.021;6.275;6.732;6.567;6.980;7.104;7.467
Rolador;4315958;-28,25767;-54,81864;-;-;-;-;-;-;-;-;-;-;4;1;20;23;22;23;28;34;32;46;50;53;66;72;74;78;86;88
Rolante;4316006;-29,6462;-50,5819;3.319;3.590;4.108;4.505;4.921;5.527;6.219;6.733;7.121;7.748;7.470;7.432;7.839;7.758;8.001;7.963;8.771;9.098;9.594;10.269;10.999;12.049;13.142;15.078;15.501;16.465;17.273;17.939
Ronda Alta;4316105;-27,7758;-52,8056;1.944;1.883;1.984;2.005;2.156;2.231;2.350;2.378;2.468;2.737;2.642;2.678;2.751;2.808;2.751;2.727;2.922;3.494;3.513;3.802;3.908;4.219;4.549;4.999;4.907;4.997;5.172;5.402
Rondinha;4316204;-27,8315;-52,9081;813;798;852;872;919;972;1.034;1.074;1.082;1.193;1.178;1.181;1.231;1.226;1.255;1.233;1.251;1.410;1.500;1.646;1.694;1.838;1.942;2.232;2.254;2.344;2.405;2.498
Roque Gonzales;4316303;-28,1297;-55,0266;1.073;997;1.087;1.112;1.185;1.235;1.309;1.320;1.365;1.358;1.329;1.197;1.318;1.296;1.361;1.364;1.463;1.674;1.899;2.063;2.131;2.353;2.357;2.762;2.894;2.974;3.124;3.217
Rosário do Sul;4316402;-30,2515;-54,9221;12.236;12.385;13.029;13.332;14.591;15.444;16.151;15.975;16.904;17.805;17.067;17.050;16.863;17.167;17.483;17.934;18.864;19.573;20.461;20.829;21.868;23.487;23.905;26.998;25.064;25.541;25.802;27.415
Sagrada Família;4316428;-27,7085;-53,1351;-;-;53;73;88;111;135;126;146;178;225;273;305;319;330;343;372;400;430;471;497;561;594;734;820;899;961;1.025
Saldanha Marinho;4316436;-28,3941;-53,097;644;690;725;761;813;884;931;962;986;980;950;951;952;994;1.016;1.021;1.071;1.063;1.141;1.180;1.256;1.374;1.485;1.647;1.624;1.699;1.781;1.871
Salto do Jacuí;4316451;-29,0951;-53,2133;2.367;2.586;2.849;3.095;3.507;3.903;4.197;4.320;4.479;4.590;4.616;4.580;4.759;4.906;5.008;5.050;5.389;5.517;5.833;6.006;6.050;6.371;6.805;7.559;7.315;7.681;7.870;8.208
Salvador das Missões;4316477;-28,1233;-54,8373;-;-;261;356;369;417;419;448;449;447;384;319;340;365;390;399;394;496;582;634;692;772;812;986;1.036;1.123;1.238;1.345
Salvador do Sul;4316501;-29,4386;-51,5077;40;34;41;42;54;174;230;104;91;109;111;139;65;24;22;24;35;38;39;44;48;42;41;47;64;49;49;58
Sananduva;4316600;-27,947;-51,8079;3.145;3.267;3.339;3.581;3.899;4.404;4.866;4.895;5.038;5.088;4.971;5.175;5.397;5.469;5.376;5.372;5.440;6.359;6.908;7.246;7.611;8.186;8.640;9.477;9.584;10.206;10.677;11.223
Santa Bárbara do Sul;4316709;-28,3653;-53,251;2.616;2.624;2.767;2.809;3.129;3.254;3.484;3.566;3.642;3.589;3.533;3.507;3.647;3.664;3.638;3.544;3.808;3.844;3.962;4.182;4.303;4.540;4.913;5.545;5.384;5.733;5.811;5.876
Santa Clara do Sul;4316758;-29,4747;-52,0843;-;-;-;-;-;...;...;...;...;...;...;...;8;12;13;12;16;15;14;15;13;12;12;16;15;11;12;12
Santa Cruz do Sul;4316808;-29,722;-52,4343;39.120;40.883;42.441;44.261;48.700;53.344;57.249;60.219;62.783;64.686;64.017;65.434;65.629;67.812;71.054;72.908;78.005;80.845;85.863;91.027;96.329;103.600;107.438;121.312;112.277;116.372;115.821;119.015
Santa Margarida do Sul;4316972;-30,3296;-54,0823;-;-;-;-;-;-;-;-;-;-;-;14;120;166;166;153;145;168;175;166;175;197;205;233;259;282;259;268
Santa Maria;4316907;-29,6868;-53,815;109.567;111.856;115.365;119.773;133.518;143.364;150.840;156.233;166.148;174.678;169.149;171.887;172.776;177.124;183.939;189.493;202.718;207.361;216.923;227.989;239.305;254.337;260.143;291.112;263.553;272.572;270.753;284.512
Santa Maria do Herval;4316956;-29,4902;-50,9919;769;754;845;899;1.097;1.334;1.743;1.690;1.862;1.881;1.903;1.963;2.077;2.153;2.258;2.265;2.419;2.559;2.632;2.779;2.887;2.973;3.153;3.569;3.501;3.645;3.839;3.812
Santa Rosa;4317202;-27,8702;-54,4796;23.879;24.404;25.724;27.015;29.873;31.226;32.697;33.701;34.460;34.384;33.939;33.728;33.432;34.129;35.057;34.637;36.454;38.042;41.481;43.514;46.114;50.501;53.047;61.115;59.014;61.985;63.931;67.407
Santa Tereza;4317251;-29,1655;-51,7351;-;-;281;319;380;418;417;429;445;467;464;435;467;470;465;481;501;527;533;581;579;613;710;764;781;823;819;823
Santa Vitória do Palmar;4317301;-33,525;-53,3717;11.573;12.416;12.862;13.477;14.320;14.855;12.787;12.217;13.422;14.206;13.663;13.493;12.608;11.980;11.913;11.925;12.643;18.600;13.534;15.032;15.789;16.311;18.228;20.185;19.308;19.870;20.274;20.715
Santana da Boa Vista;4317004;-30,8697;-53,11;766;787;853;907;1.022;1.164;1.256;1.297;1.362;1.460;1.459;1.519;1.536;1.651;1.732;1.819;1.928;2.129;2.248;2.341;2.540;2.676;2.857;3.175;3.194;3.242;3.338;3.502
Santana do Livramento;4317103;-30,8877;-55,5315;29.950;30.448;32.047;32.210;35.854;37.668;39.135;39.564;42.030;45.271;43.545;43.251;40.889;40.598;40.763;41.349;43.250;44.532;45.970;47.044;49.530;54.727;58.690;63.565;58.115;60.729;60.640;64.145
Santiago;4317400;-29,1897;-54,8666;16.610;16.670;17.378;18.112;20.136;21.150;21.940;21.938;22.707;23.484;23.053;23.500;23.057;23.510;23.896;24.281;25.514;26.399;27.586;28.989;30.572;32.285;33.745;37.852;35.247;36.738;37.413;38.918
Santo Ângelo;4317509;-28,3001;-54,2668;31.070;30.616;31.323;32.830;36.399;37.935;39.264;40.217;41.332;41.133;39.781;39.307;39.241;39.670;40.388;40.226;42.841;43.912;46.582;49.313;51.204;54.595;56.156;64.769;62.154;66.039;67.464;71.154
Santo Antônio da Patrulha;4317608;-29,8268;-50,5175;10.163;10.009;10.344;11.291;12.376;13.548;15.076;14.567;15.264;15.971;15.593;15.555;15.511;15.694;16.557;16.777;18.022;10.822;19.828;20.407;22.569;23.755;25.490;28.597;27.373;28.199;30.060;29.405
Santo Antônio das Missões;4317707;-28,514;-55,2251;207;105;97;99;120;93;101;70;86;99;126;154;283;371;306;257;261;283;310;331;330;350;341;363;384;374;358;372
Santo Antônio do Palma;4317558;-28,4956;-52,0267;-;-;75;94;129;151;158;168;189;219;215;229;267;264;270;291;303;328;366;435;438;479;532;620;628;673;704;747
Santo Augusto;4317806;-27,8526;-53,7776;4.236;4.251;4.449;4.549;4.874;4.943;5.035;5.108;5.208;5.444;5.097;5.197;5.227;5.232;5.245;5.065;5.369;5.624;6.113;6.561;6.776;7.349;7.780;8.842;8.646;9.077;9.478;9.912
Santo Cristo;4317905;-27,8263;-54,662;2.781;2.823;3.005;3.182;3.461;3.723;3.949;4.132;4.239;4.229;4.115;4.147;4.150;4.179;4.306;4.354;4.504;4.792;5.329;5.597;6.008;6.821;7.049;8.100;8.006;8.492;8.826;9.286
Santo Expedito do Sul;4317954;-27,9074;-51,6433;-;-;1;-;-;-;-;...;4;12;9;5;48;32;28;38;26;36;30;55;56;57;80;126;127;119;110;105
São Borja;4318002;-28,6578;-56,0036;25.043;24.006;24.415;25.124;27.418;27.645;28.189;28.276;30.372;32.379;30.654;30.210;29.949;31.044;31.790;32.599;34.464;35.641;37.675;39.238;41.825;44.602;44.856;51.112;47.145;47.524;48.422;50.211
São Domingos do Sul;4318051;-28,5312;-51,886;279;296;320;347;397;475;526;546;581;616;575;589;623;636;651;672;719;748;824;879;918;968;1.027;1.110;1.118;1.158;1.165;1.248
São Francisco de Assis;4318101;-29,5547;-55,1253;5.323;5.358;4.538;4.204;4.729;5.050;5.142;5.351;5.558;5.876;5.788;5.841;5.894;6.009;6.147;6.231;6.500;6.926;7.421;7.705;8.120;8.645;8.853;9.983;9.433;9.592;9.823;10.291
São Francisco de Paula;4318200;-29,4404;-50,5828;4.616;4.628;4.991;5.240;5.809;6.246;6.601;7.080;7.549;7.770;7.462;7.342;7.831;8.039;8.249;8.406;8.895;9.396;9.663;10.317;10.971;11.511;12.782;14.125;14.366;14.916;15.296;16.266
São Gabriel;4318309;-30,3337;-54,3217;17.852;18.612;19.111;19.745;21.843;23.156;24.851;25.135;26.169;27.233;26.477;26.227;25.603;26.340;27.197;28.024;28.838;30.026;31.652;33.614;35.324;37.900;39.402;44.052;40.680;41.949;42.682;45.165
São Jerônimo;4318408;-29,9716;-51,7251;6.552;6.454;6.705;6.605;7.745;8.330;9.055;9.164;9.308;9.286;9.318;9.110;9.269;9.506;9.879;10.013;10.656;8.734;11.350;11.721;12.613;12.985;13.987;15.632;14.597;14.761;14.991;15.165
São João da Urtiga;4318424;-27,8195;-51,8257;435;492;546;585;659;705;737;773;796;877;915;946;996;1.016;1.045;1.081;1.143;1.204;1.263;1.375;1.455;1.727;1.718;1.934;1.981;2.143;2.289;2.376
São João do Polêsine;4318432;-29,6194;-53,4439;-;-;-;-;-;-;-;-;-;-;-;-;-;...;...;-;1;0;-;-;0;0;0;-;1;5;8;1
São Jorge;4318440;-28,4984;-51,7064;376;359;394;447;480;510;565;604;648;707;681;682;775;715;715;808;925;955;1.057;1.109;1.118;1.185;1.240;1.319;1.306;1.418;1.446;1.470
São José das Missões;4318457;-27,7789;-53,1226;-;-;107;157;167;196;201;191;193;236;234;245;309;321;348;325;347;430;461;530;541;622;691;765;800;868;933;937
São José do Hortêncio;4318481;-29,528;-51,245;315;347;381;437;498;746;936;962;906;948;1.054;1.359;1.434;1.446;1.527;1.507;1.578;1.648;1.713;1.811;1.909;2.043;2.126;2.459;2.403;2.509;2.496;2.565
São José do Inhacorá;4318499;-27,7251;-54,1275;-;-;170;235;253;299;351;369;367;402;397;372;405;404;402;384;374;416;450;522;558;691;713;868;920;962;987;1.046
São José do Norte;4318507;-32,0151;-52,0331;3.405;3.327;3.492;3.755;4.225;4.550;5.185;5.506;5.879;6.157;6.397;6.517;6.523;6.659;7.030;7.469;8.284;12.804;9.459;10.714;11.466;12.361;13.569;15.171;15.073;15.539;15.841;15.722
São José do Ouro;4318606;-27,7707;-51,5966;1.661;1.583;1.600;1.657;1.761;1.898;2.026;2.105;2.113;2.233;2.236;2.240;2.436;2.484;2.537;2.510;2.548;2.642;2.817;2.970;3.147;3.346;3.542;3.957;3.928;4.092;4.223;4.385
São José do Sul;4318614;-29,529;-51,4871;-;-;-;-;-;-;-;-;-;-;-;...;188;202;206;261;305;318;317;335;387;397;389;473;621;634;676;674
São José dos Ausentes;4318622;-28,7476;-50,0677;-;-;289;329;384;487;581;567;594;677;689;712;863;888;875;905;980;1.027;1.120;1.219;1.230;1.374;1.480;1.616;1.780;1.880;2.078;2.268
São Leopoldo;4318705;-29,7545;-51,1498;84.997;86.843;90.220;93.379;102.900;108.515;117.287;120.127;125.983;132.180;130.121;120.417;132.052;132.135;137.638;141.160;150.700;153.297;159.232;168.004;174.806;188.054;198.582;220.103;199.137;199.678;199.054;200.434
São Lourenço do Sul;4318804;-31,3564;-51,9715;8.218;8.541;9.054;9.218;10.198;10.763;12.089;12.018;12.272;12.606;12.447;12.104;12.260;12.427;12.670;12.895;13.777;14.043;14.658;15.722;16.385;17.354;18.502;20.587;19.753;20.039;20.669;21.280
São Luiz Gonzaga;4318903;-28,412;-54,9559;12.894;12.441;13.530;13.574;14.941;15.321;15.693;16.146;16.149;16.103;15.622;14.764;15.271;15.451;15.524;15.402;15.916;16.551;17.788;18.828;19.700;21.176;21.835;25.137;24.154;25.082;26.149;27.604
São Marcos;4319000;-28,9677;-51,0696;5.872;5.833;6.220;6.446;7.283;8.157;7.977;9.171;9.258;9.866;9.457;9.653;9.848;9.550;9.496;9.578;10.283;10.917;11.686;12.135;12.774;13.420;14.476;15.460;15.206;15.642;15.690;16.314
São Martinho;4319109;-27,7112;-53,9699;1.526;1.443;1.525;1.589;1.777;1.740;1.780;1.775;1.764;1.796;1.721;1.733;1.723;1.731;1.796;1.779;1.842;1.929;2.074;2.262;2.338;2.578;2.684;3.049;3.130;3.259;3.390;3.589
São Martinho da Serra;4319125;-29,5397;-53,859;-;-;117;156;220;261;299;324;398;418;445;493;505;538;570;604;651;686;772;780;831;917;971;1.079;1.102;1.149;1.208;1.282
São Miguel das Missões;4319158;-28,556;-54,5559;-;-;-;-;-;-;-;...;2;3;...;6;37;35;35;27;18;14;19;20;25;23;25;11;4;5;2;2
São Nicolau;4319208;-28,1834;-55,2654;867;793;867;986;1.040;1.116;1.192;1.297;1.378;1.343;1.315;1.218;1.410;1.353;1.429;1.456;1.458;1.529;1.632;1.763;1.841;1.929;2.013;2.381;2.397;2.513;2.717;2.778
São Paulo das Missões;4319307;-28,0195;-54,9404;637;689;743;767;839;888;934;1.003;1.097;1.039;1.017;977;962;1.008;1.057;1.108;1.148;1.222;1.381;1.469;1.594;1.738;1.825;2.040;1.979;2.080;2.183;2.286
São Pedro das Missões;4319364;-27,77322;-53,25047;-;-;-;-;-;-;-;-;-;-;38;57;96;111;148;168;195;278;269;333;342;412;486;552;572;577;592;587
São Pedro do Butiá;4319372;-28,1243;-54,8926;-;-;347;432;449;489;535;579;568;569;577;575;591;585;604;635;644;692;780;940;1.014;1.093;1.112;1.351;1.398;1.493;1.554;1.611
São Pedro do Sul;4319406;-29,6202;-54,1855;3.664;3.814;3.974;4.190;4.772;5.113;5.545;5.500;5.907;6.036;6.140;6.141;6.081;6.276;6.437;6.637;6.910;7.164;7.731;8.204;8.538;9.023;9.282;10.514;9.682;9.978;10.111;10.748
São Sebastião do Caí;4319505;-29,5885;-51,3749;7.299;7.342;7.549;7.950;8.864;10.033;11.052;11.229;11.568;12.578;12.594;12.601;12.530;12.974;13.649;13.813;14.729;14.778;15.878;16.806;17.794;19.213;20.265;22.774;21.896;22.225;21.863;22.439
São Sepé;4319604;-30,1643;-53,5603;6.842;7.124;7.266;7.540;8.365;9.027;9.416;9.431;9.869;10.036;9.856;9.743;9.717;10.093;10.201;10.387;10.807;11.352;11.859;12.479;12.903;13.738;14.050;15.708;14.655;14.858;15.055;16.014
São Valentim;4319703;-27,5583;-52,5237;679;656;723;763;818;881;840;854;826;834;826;849;892;891;892;927;928;950;1.074;1.144;1.199;1.299;1.389;1.447;1.485;1.538;1.592;1.683
São Valentim do Sul;4319711;-29,0451;-51,7684;-;-;104;153;195;206;213;228;233;244;225;220;291;301;320;328;357;358;408;421;425;454;486;559;584;610;664;683
São Valério do Sul;4319737;-27,7906;-53,9368;-;-;104;247;263;287;309;337;352;393;375;376;389;413;412;385;389;423;487;520;544;616;664;746;736;767;776;819
São Vendelino;4319752;-29,3729;-51,3675;217;214;233;255;288;357;497;522;533;572;595;664;689;738;764;789;852;908;962;1.040;1.130;1.269;1.354;1.547;1.558;1.599;1.607;1.636
São Vicente do Sul;4319802;-29,6882;-54,6826;1.478;1.549;1.692;1.759;2.000;2.088;2.434;2.388;2.611;2.773;3.618;2.792;2.820;2.903;3.034;3.112;3.298;3.421;3.705;3.823;4.118;4.441;4.492;5.146;4.895;4.871;4.998;5.353
Sapiranga;4319901;-29,6349;-51,0065;22.165;24.771;26.712;28.442;30.245;33.519;35.407;34.660;36.472;39.090;40.426;41.639;42.793;44.149;46.167;46.695;49.305;51.509;52.716;56.802;61.059;67.055;69.218;78.991;73.646;76.086;77.787;79.535
Sapucaia do Sul;4320008;-29,8276;-51,145;42.111;43.117;44.806;46.699;51.887;55.636;60.233;62.026;64.130;66.723;67.879;68.569;68.146;69.339;73.098;74.551;78.843;82.181;84.508;89.457;95.241;102.902;106.392;118.408;107.401;108.799;108.623;110.840
Sarandi;4320107;-27,942;-52,9231;4.892;5.055;5.110;5.236;5.713;6.385;6.842;7.180;7.310;7.977;7.606;7.827;7.988;8.218;8.426;8.225;9.096;9.539;10.191;10.722;11.258;12.134;13.151;14.928;14.978;16.115;16.414;17.051
Seberi;4320206;-27,4829;-53,4026;1.784;1.726;1.830;1.894;2.075;2.175;2.241;2.269;2.390;2.415;2.396;2.369;2.507;2.519;2.527;2.566;2.767;3.115;3.304;3.592;3.974;4.327;4.644;5.378;5.449;6.025;6.276;6.628
Sede Nova;4320230;-27,6367;-53,9493;457;432;474;496;535;567;561;552;557;577;596;605;642;635;627;631;651;697;767;844;904;982;1.069;1.180;1.254;1.235;1.307;1.331
Segredo;4320263;-29,3523;-52,9767;503;504;512;519;541;597;644;613;576;564;589;616;643;706;718;742;774;807;843;899;983;1.040;1.102;1.251;1.266;1.343;1.282;1.341
Selbach;4320305;-28,6294;-52,9498;97;91;101;115;139;157;157;173;168;174;175;180;176;175;171;178;190;193;204;218;222;226;230;-;-;0;0;0
Senador Salgado Filho;4320321;-28,025;-54,5507;-;-;-;-;-;-;...;...;1;5;3;4;5;2;2;3;1;1;1;2;1;2;0;-;4;5;0;0
Sentinela do Sul;4320354;-30,6107;-51,5862;-;-;482;586;697;730;934;873;890;951;946;879;831;815;811;843;946;1.046;1.164;1.253;1.351;1.448;1.621;1.816;1.683;1.680;1.791;1.820
Serafina Corrêa;4320404;-28,7126;-51,9353;2.303;2.487;2.796;2.964;3.387;3.640;4.002;4.235;4.387;4.704;4.557;4.575;4.877;5.039;5.341;5.615;6.111;6.884;7.497;7.943;8.635;9.265;10.153;11.284;11.199;11.842;12.155;12.649
Sério;4320453;-29,3904;-52,2685;-;-;-;-;-;...;...;...;2;5;12;6;12;12;9;10;13;15;22;19;19;15;15;18;17;14;19;19
Sertão;4320503;-27,9798;-52,2588;1.340;1.322;1.351;1.408;1.550;1.633;1.750;1.791;1.817;1.882;1.799;1.766;1.780;1.789;1.889;1.907;1.977;2.027;2.168;2.199;2.274;2.469;2.646;2.943;2.951;3.238;3.147;3.248
Sertão Santana;4320552;-30,4562;-51,6017;-;-;577;739;826;863;931;882;939;962;994;940;940;962;972;987;1.114;1.186;1.313;1.439;1.493;1.579;1.727;1.919;1.840;1.887;2.062;2.041
Sete de Setembro;4320578;-28,1362;-54,4637;-;-;-;-;-;-;16;204;205;226;223;220;244;255;265;271;284;309;311;354;342;386;406;473;489;515;517;554
Severiano de Almeida;4320602;-27,4362;-52,1217;414;426;469;503;538;549;611;646;650;727;733;744;812;811;828;846;885;936;997;1.156;1.178;1.254;1.344;1.466;1.491;1.541;1.635;1.694
Silveira Martins;4320651;-29,6467;-53,591;-;-;-;-;-;-;-;-;-;-;-;-;-;-;-;-;-;1;2;1;4;5;8;10;21;21;18;18
Sinimbu;4320677;-29,5357;-52,5305;-;-;792;923;995;1.088;1.096;1.109;1.154;1.235;1.248;1.322;1.381;1.452;1.600;1.531;1.636;1.649;1.763;1.910;2.025;2.129;2.219;2.398;2.288;2.345;2.394;2.434
Sobradinho;4320701;-29,4194;-53,0326;3.764;3.926;4.119;4.167;4.395;4.744;5.028;5.146;5.307;5.608;5.652;5.572;5.668;6.017;6.266;6.331;6.665;6.938;7.231;7.612;8.049;8.676;9.107;9.945;9.309;9.719;9.825;10.173
Soledade;4320800;-28,8306;-52,5131;7.463;7.349;7.468;7.971;8.781;9.274;10.103;10.067;10.323;10.638;10.563;10.797;10.898;11.167;11.270;11.366;12.329;12.422;13.129;13.632;14.104;15.094;16.564;18.295;18.328;19.381;20.146;21.352
Tabaí;4320859;-29,643;-51,6823;-;-;-;-;-;-;12;13;12;13;12;13;19;20;21;22;21;19;22;25;30;29;30;41;46;35;35;33
Tapejara;4320909;-28,0652;-52,0097;150;160;34;-;-;-;-;-;...;2;3;1;-;1;0;0;0;0;0;0;0;0;0;2;2;2;1;0
Tapera;4321006;-28,6277;-52,8612;3.652;3.622;3.684;3.898;4.286;4.574;4.756;4.859;4.931;4.745;4.608;4.708;4.682;4.758;4.814;4.854;4.946;5.179;5.521;5.688;5.947;6.115;6.656;7.271;7.043;7.555;7.355;7.707
Tapes;4321105;-30,6683;-51,3991;5.871;6.155;5.760;5.748;6.231;6.843;7.380;7.574;7.813;7.826;8.081;7.891;7.855;7.957;8.211;8.294;8.724;8.782;9.148;9.577;9.930;10.296;10.910;11.940;11.405;11.309;11.707;11.662
Taquara;4321204;-29,6505;-50,7753;18.309;18.920;19.648;21.407;23.630;26.414;28.441;29.636;31.273;31.556;30.959;30.510;30.105;30.005;30.658;31.169;32.891;33.765;35.139;36.780;38.449;40.990;43.194;47.804;45.926;46.883;48.361;49.383
Taquari;4321303;-29,7943;-51,8653;7.878;7.901;8.220;8.666;9.543;10.005;10.805;11.117;11.456;11.876;11.702;11.626;11.541;11.645;12.200;12.371;13.114;13.692;14.583;15.210;15.950;17.293;17.821;20.008;18.230;18.648;18.112;18.890
Taquaruçu do Sul;4321329;-27,4004;-53,4703;296;320;350;347;386;440;470;454;490;511;536;544;573;566;572;565;579;696;735;788;836;931;1.070;1.226;1.270;1.373;1.442;1.508
Tavares;4321352;-31,2843;-51,088;621;586;641;677;760;916;1.029;1.053;1.141;1.234;1.254;1.299;1.342;1.440;1.534;1.582;1.729;1.732;1.981;2.208;2.396;2.449;2.506;2.613;2.557;2.567;2.764;2.744
Tenente Portela;4321402;-27,3711;-53,7585;3.965;3.663;3.345;3.318;3.643;3.746;3.860;3.996;4.113;4.203;4.062;4.020;3.922;4.070;4.149;4.125;4.249;4.328;4.686;5.376;5.506;5.741;6.153;6.995;7.177;7.699;8.217;8.666
Terra de Areia;4321436;-29,5782;-50,0644;1.981;1.983;2.087;2.302;2.584;3.039;3.877;4.042;4.031;4.182;3.521;3.571;3.714;3.838;4.007;4.193;4.377;4.485;4.878;5.182;5.478;5.918;6.302;6.918;6.721;7.037;7.710;7.734
Teutônia;4321451;-29,4482;-51,8044;...;1;14;20;24;37;46;35;34;34;41;43;50;49;52;56;61;52;48;48;76;95;97;119;109;102;109;128
Tio Hugo;4321469;-28,57404;-52,5949;-;-;-;-;-;-;-;-;-;-;-;-;-;-;2;1;2;1;1;2;1;2;2;1;1;2;2;1
Tiradentes do Sul;4321477;-27,4022;-54,0814;-;-;202;340;496;587;626;628;619;671;666;630;677;691;722;760;795;820;859;995;1.036;1.168;1.224;1.408;1.501;1.638;1.757;1.778
Toropi;4321493;-29,4782;-54,2244;-;-;-;-;-;-;112;253;236;319;337;408;417;450;478;484;503;554;601;620;704;724;734;866;900;875;959;1.040
Torres;4321501;-29,3334;-49,7333;13.980;15.029;14.552;17.708;19.178;20.686;22.773;23.448;25.170;26.270;27.018;28.007;28.751;29.083;29.209;30.393;31.783;32.568;34.499;35.755;36.513;37.332;39.205;42.233;42.113;42.745;45.061;44.967
Tramandaí;4321600;-29,9841;-50,1322;16.303;17.464;14.268;19.791;22.441;24.478;25.913;27.837;29.741;30.431;31.051;33.634;34.975;35.494;36.672;38.323;40.276;41.264;43.311;45.780;47.595;49.373;53.000;57.875;57.005;57.280;59.228;59.331
Travesseiro;4321626;-29,2977;-52,0532;-;-;2;-;-;-;-;-;-;-;-;-;...;...;4;3;2;3;4;4;4;5;6;6;5;4;4;4
Três Arroios;4321634;-27,5003;-52,1448;219;235;269;300;332;371;404;404;418;454;452;470;603;577;573;568;583;622;684;769;770;828;903;1.017;1.077;1.071;1.169;1.243
Três Cachoeiras;4321667;-29,4487;-49,9275;1.914;1.973;2.073;2.169;2.511;3.003;3.332;3.500;3.593;3.741;3.575;3.944;3.966;4.158;4.333;4.360;4.509;4.672;4.891;5.030;5.265;5.419;5.741;6.409;6.070;6.135;6.495;6.447
Três Coroas;4321709;-29,5137;-50,7739;5.787;6.162;6.538;6.842;7.661;8.621;9.377;9.871;10.367;11.014;11.205;11.120;11.437;11.700;12.314;12.589;13.941;14.075;14.543;15.451;15.990;17.173;18.233;20.527;20.195;20.541;21.554;22.332
Três de Maio;4321808;-27,78;-54,2357;8.289;7.962;8.280;8.623;9.364;9.637;10.048;10.163;10.492;10.737;10.178;10.068;10.114;10.191;10.500;10.136;10.725;11.096;12.218;12.938;13.375;14.628;15.279;17.317;17.234;17.936;18.694;20.182
Três Forquilhas;4321832;-29,5384;-50,0708;-;-;125;146;160;272;525;425;395;430;371;347;337;331;332;325;352;368;393;451;479;515;566;628;600;655;756;744
Três Palmeiras;4321857;-27,6139;-52,8437;386;386;414;430;479;537;555;565;625;739;726;752;803;868;866;923;996;1.001;1.222;1.275;1.347;1.429;1.727;1.947;2.043;2.133;2.209;2.334
Três Passos;4321907;-27,4555;-53,9296;8.230;8.146;8.567;8.984;10.106;10.355;10.162;10.479;10.386;10.820;10.218;10.311;10.208;10.064;10.270;10.226;10.752;10.793;11.624;12.201;12.818;14.056;14.825;16.731;16.790;17.862;18.836;19.834
Trindade do Sul;4321956;-27,5239;-52,8956;396;415;461;493;577;610;681;748;803;926;922;974;1.083;1.110;1.162;1.221;1.397;1.499;1.640;1.873;1.956;2.201;2.449;2.777;2.897;3.134;3.243;3.407
Triunfo;4322004;-29,9291;-51,7075;3.339;3.558;3.756;3.845;4.685;5.047;5.765;5.940;6.418;6.510;6.312;6.274;6.322;6.666;7.141;7.382;7.885;8.205;8.791;9.224;9.709;10.659;11.345;12.582;11.416;11.337;11.649;11.931
Tucunduva;4322103;-27,6573;-54,4439;2.393;2.283;1.972;1.963;2.149;2.133;2.237;2.309;2.353;2.297;2.233;2.227;2.285;2.287;2.407;2.383;2.462;2.627;2.893;2.984;3.109;3.321;3.420;3.924;3.875;4.035;4.265;4.401
Tunas;4322152;-29,1039;-52,9538;-;-;-;-;-;-;-;...;1;5;13;12;27;28;25;20;39;54;72;88;106;106;108;112;130;138;140;123
Tupanci do Sul;4322186;-27,9241;-51,5383;-;-;93;118;118;132;142;160;179;198;208;217;248;233;240;254;260;277;318;357;345;391;395;436;446;461;509;530
Tupanciretã;4322202;-29,0858;-53,8445;5.840;5.651;5.912;6.064;6.620;7.027;7.606;7.646;7.978;8.247;7.986;8.284;8.396;8.929;8.898;8.930;9.329;9.638;10.160;10.802;11.420;12.247;12.875;14.347;13.904;14.704;14.642;15.350
Tupandi;4322251;-29,4772;-51,4174;84;115;161;200;250;401;534;460;399;474;528;755;816;904;970;996;1.106;1.199;1.345;1.526;1.913;2.186;1.881;2.551;2.649;3.038;3.149;3.024
Tuparendi;4322301;-27,7598;-54,4814;2.556;2.623;2.382;2.465;2.687;2.897;2.972;3.044;3.057;2.999;2.932;2.895;2.928;2.995;3.026;2.982;3.053;3.175;3.436;3.556;3.793;4.205;4.275;4.823;4.788;5.150;5.303;5.454
Turuçu;4322327;-31,4173;-52,1706;-;-;-;-;-;-;210;570;595;605;677;625;658;723;759;759;808;833;822;881;905;1.003;1.105;1.284;1.223;1.195;1.287;1.265
Ubiretama;4322343;-28,0404;-54,6859;-;-;-;-;-;-;16;191;192;212;211;213;242;252;248;241;251;249;271;298;310;343;342;411;412;415;440;445
União da Serra;4322350;-28,7833;-52,0238;-;-;90;105;112;128;135;120;122;134;129;119;163;165;162;171;178;182;211;221;234;238;283;325;332;336;380;388
Unistalda;4322376;-29,04;-55,1517;-;-;-;-;-;-;270;288;294;323;375;384;449;442;443;462;485;542;579;611;655;711;743;851;859;889;940;953
Uruguaiana;4322400;-29,7614;-57,0853;49.961;52.420;55.302;57.894;61.637;62.709;65.231;63.847;67.919;71.816;67.687;66.040;64.071;65.258;66.984;69.340;72.377;75.892;78.797;80.787;84.489;90.181;97.762;105.024;93.854;93.683;94.924;100.637
Vacaria;4322509;-28,5079;-50,9418;17.472;17.814;18.244;19.095;21.061;23.030;26.308;25.155;25.963;26.623;25.439;26.557;26.940;27.527;27.793;28.042;29.515;30.193;31.929;33.972;35.571;37.409;40.293;43.145;42.725;44.503;45.206;46.609
Vale do Sol;4322533;-29,5967;-52,6839;-;-;392;467;493;563;657;723;635;749;852;968;1.336;1.440;1.460;1.412;1.481;1.524;1.660;1.901;1.885;1.933;1.981;2.338;2.331;2.425;2.239;2.305
Vale Real;4322541;-29,3919;-51,2559;-;-;827;1.208;1.344;1.566;1.768;1.873;1.968;2.072;2.128;2.207;2.242;2.380;2.367;2.361;2.590;2.723;2.881;3.177;3.438;3.674;3.969;4.562;4.551;4.853;5.108;5.263
Vanini;4322558;-28,4758;-51,8447;161;176;198;209;249;324;376;411;425;479;467;475;506;537;558;553;591;624;666;710;767;847;948;1.001;1.070;1.142;1.188;1.218
Venâncio Aires;4322608;-29,6143;-52,1932;13.425;14.092;15.184;15.861;17.534;19.539;21.994;29.575;23.443;24.584;24.849;25.359;25.681;26.628;27.982;28.642;30.439;31.768;33.974;36.136;38.407;40.991;42.422;48.019;45.557;46.255;46.864;48.651
Vera Cruz;4322707;-29,7184;-52,5152;3.638;3.967;4.358;4.595;5.134;5.662;6.115;6.611;6.980;7.443;7.560;7.644;7.743;8.143;8.629;8.972;9.521;9.908;10.868;11.926;12.702;13.600;14.698;16.994;16.161;16.889;16.933;17.931
Veranópolis;4322806;-28,9312;-51,5516;5.756;5.957;6.178;6.542;7.412;7.977;8.710;9.194;9.616;10.444;9.972;10.040;11.002;11.332;11.319;11.660;12.910;13.032;13.721;14.451;15.223;15.843;17.091;18.349;17.988;19.037;19.299;20.214
Vespasiano Correa;4322855;-29,0655;-51,8625;-;-;-;-;-;-;267;240;232;245;251;291;305;336;355;352;386;445;466;506;569;631;605;635;656;673;719;746
Viadutos;4322905;-27,5716;-52,0211;766;761;727;797;876;933;947;1.081;1.132;1.202;1.199;1.230;1.320;1.316;1.328;1.363;1.461;1.465;1.570;1.680;1.710;1.815;1.947;2.127;2.223;2.335;2.377;2.394
Viamão;4323002;-30,0819;-51,0194;68.009;67.568;69.699;71.702;80.509;91.432;102.555;108.695;113.340;115.940;112.115;109.926;103.978;100.914;102.553;102.733;108.856;109.523;114.885;119.843;125.929;131.684;142.875;154.487;145.129;143.173;142.666;148.023
Vicente Dutra;4323101;-27,1608;-53,4022;479;465;526;540;615;644;733;798;816;897;969;987;1.104;1.135;1.084;1.098;1.176;1.253;1.338;1.347;1.412;1.478;1.619;1.882;1.856;1.940;2.031;2.124
Victor Graeff;4323200;-28,5632;-52,7495;412;445;474;518;569;613;606;657;668;682;656;655;652;678;712;736;778;808;872;925;989;1.067;1.170;1.331;1.279;1.396;1.429;1.463
Vila Flores;4323309;-28,8598;-51,5504;260;301;334;372;432;496;537;593;647;697;682;662;815;813;833;814;988;975;1.020;1.189;1.236;1.345;1.471;1.696;1.727;1.829;1.933;2.101
Vila Maria;4323408;-28,5359;-52,1487;451;472;517;574;695;795;918;965;1.010;1.054;1.014;1.030;1.024;1.052;1.081;1.103;1.159;1.213;1.319;1.456;1.538;1.666;1.806;2.008;2.175;2.195;2.253;2.402
Vila Nova do Sul;4323457;-30,3461;-53,876;-;-;-;...;7;23;3;...;4;8;5;12;22;35;22;20;19;23;27;31;38;43;46;48;60;60;56;51
Vista Alegre;4323507;-27,3686;-53,4919;222;239;272;301;349;389;405;413;444;458;473;478;510;525;553;584;591;636;690;735;751;816;926;1.060;1.048;1.121;1.231;1.278
Vista Alegre do Prata;4323606;-28,8052;-51,7946;112;120;138;139;169;152;168;193;208;231;231;219;243;246;242;249;275;303;328;447;486;463;497;597;666;669;711;808
Vista Gaúcha;4323705;-27,2902;-53,6974;205;226;262;273;308;317;333;343;351;369;352;323;338;352;386;387;418;438;491;592;617;683;753;866;943;902;919;1.016
Vitória das Missões;4323754;-28,3516;-54,504;-;-;1;...;16;-;...;...;8;11;12;7;30;22;26;30;31;35;47;78;74;70;72;81;88;88;91;93
Xangri-lá;4323804;-29,8065;-50,0519;-;-;5.724;9.484;10.699;11.718;13.215;14.779;15.788;16.394;16.394;17.921;18.813;19.196;19.530;20.818;21.908;23.051;25.117;27.069;28.026;29.928;31.812;36.505;37.034;38.149;41.139;41.093
